GeneA	GeneB	GeneC	nAll3	Expected	Enrichment	p_cooccur	FDR	AnyNeo
TP53	KRAS	PIK3CA	29	25.45	1.14	0.2657	0.2904	True
KRAS	PIK3CA	SMAD4	16	5.69	2.81	0.0002894	0.001811	True
TP53	KRAS	SMAD4	11	9.653	1.14	0.3737	0.3967	True
APC	ATM	POLE	10	0.14	71.59	7.772e-16	2.272e-12	True
TP53	KRAS	FBXW7	10	8.951	1.12	0.4061	0.428	True
KRAS	PIK3CA	FBXW7	10	5.276	1.9	0.04298	0.06718	True
PIK3CA	KMT2D	POLE	10	0.57	17.54	5.953e-10	7.219e-08	True
APC	PIK3CA	POLE	9	0.519	17.33	4.754e-09	3.563e-07	True
APC	KMT2C	POLE	9	0.14	64.43	4.929e-14	2.401e-11	True
TP53	PIK3CA	SMAD4	9	5.713	1.58	0.1246	0.15	True
KRAS	PIK3CA	KMT2D	9	4.655	1.93	0.04789	0.07246	True
KRAS	PIK3CA	PCBP1	9	2.586	3.48	0.001435	0.006001	True
APC	PIK3CA	ATM	8	0.675	11.85	5.891e-07	1.739e-05	True
APC	AMER1	POLE	8	0.068	117.5	1.077e-14	7.870e-12	True
APC	KMT2D	POLE	8	0.161	49.63	9.792e-12	1.908e-09	True
APC	POLE	MSH6	8	0.068	117.5	1.077e-14	7.870e-12	True
TP53	KRAS	ERBB3	8	4.563	1.75	0.09189	0.1174	True
PIK3CA	BRAF	KMT2D	8	1.159	6.9	2.904e-05	0.0003303	True
PIK3CA	ATM	POLE	8	0.494	16.19	5.680e-08	2.863e-06	True
APC	TP53	KRAS	7	7.196	0.97	0.5791	0.5933	True
APC	KRAS	PIK3CA	7	4.242	1.65	0.1373	0.1627	True
APC	PIK3CA	AMER1	7	0.329	21.28	6.203e-08	3.022e-06	True
APC	PIK3CA	MSH6	7	0.329	21.28	6.203e-08	3.022e-06	True
APC	TCF7L2	POLE	7	0.097	72.38	1.443e-11	2.636e-09	True
APC	AMER1	ATM	7	0.088	79.12	7.791e-12	1.627e-09	True
APC	KMT2C	MSH6	7	0.088	79.12	7.791e-12	1.627e-09	True
APC	POLE	CDC27	7	0.032	217.1	6.883e-15	7.870e-12	True
TP53	KRAS	TCF7L2	7	4.739	1.48	0.2007	0.2271	True
TP53	KRAS	CTNNB1	7	5.441	1.29	0.3047	0.3294	True
TP53	KRAS	PCBP1	7	4.388	1.6	0.1548	0.1807	True
KRAS	PIK3CA	CTNNB1	7	3.207	2.18	0.04505	0.0693	True
KRAS	PIK3CA	POLE	7	3.104	2.26	0.039	0.06326	True
PIK3CA	TCF7L2	POLE	7	0.342	20.47	8.060e-08	3.681e-06	True
PIK3CA	CTNNB1	KMT2D	7	0.589	11.88	2.922e-06	5.850e-05	True
PIK3CA	BRAF	KMT2C	7	1.005	6.97	8.559e-05	0.0007581	True
PIK3CA	ATM	KMT2C	7	0.642	10.9	5.112e-06	9.223e-05	True
PIK3CA	ATM	KMT2D	7	0.741	9.45	1.278e-05	0.0001834	True
PIK3CA	KMT2C	KMT2D	7	0.741	9.45	1.278e-05	0.0001834	True
PIK3CA	KMT2C	POLE	7	0.494	14.17	9.264e-07	2.396e-05	True
PIK3CA	POLE	MSH6	7	0.241	29.08	7.523e-09	5.114e-07	True
AMER1	ATM	POLE	7	0.065	108.1	8.934e-13	2.902e-10	True
ATM	KMT2C	POLE	7	0.133	52.68	1.292e-10	1.888e-08	True
KMT2C	KMT2D	POLE	7	0.153	45.66	3.456e-10	4.592e-08	True
KMT2C	POLE	MSH6	7	0.065	108.1	8.934e-13	2.902e-10	True
APC	TP53	ERBB3	6	0.764	7.86	0.0001438	0.001095	True
APC	PIK3CA	BRAF	6	1.056	5.68	0.0007863	0.003812	True
APC	PIK3CA	ARID1A	6	0.294	20.39	7.018e-07	1.935e-05	True
APC	PIK3CA	KMT2D	6	0.779	7.7	0.00016	0.001175	True
APC	PIK3CA	ERBB3	6	0.45	13.33	7.866e-06	0.0001272	True
APC	FBXW7	ATM	6	0.237	25.27	2.033e-07	7.248e-06	True
APC	TCF7L2	ATM	6	0.126	47.72	4.925e-09	3.599e-07	True
APC	CTNNB1	POLE	6	0.111	54.04	2.367e-09	2.097e-07	True
APC	BRAF	POLE	6	0.218	27.46	1.254e-07	4.885e-06	True
APC	AMER1	CDC27	6	0.02	293.9	9.881e-14	4.126e-11	True
APC	ATM	KMT2C	6	0.182	33.04	4.265e-08	2.308e-06	True
APC	ATM	MSH6	6	0.088	67.82	6.174e-10	7.219e-08	True
APC	ATM	CDC27	6	0.042	143.2	7.259e-12	1.627e-09	True
APC	PTEN	POLE	6	0.061	98.54	6.720e-11	1.091e-08	True
TP53	PIK3CA	FBXW7	6	5.298	1.13	0.4361	0.4559	True
TP53	PIK3CA	CTNNB1	6	3.22	1.86	0.1077	0.1334	True
TP53	KMT2D	ERBB3	6	0.838	7.16	0.0002361	0.001551	True
KRAS	PIK3CA	TCF7L2	6	2.793	2.15	0.06452	0.08925	True
KRAS	PIK3CA	SMAD2	6	1.552	3.87	0.005232	0.01631	True
KRAS	PIK3CA	SOX9	6	2.069	2.9	0.01919	0.03954	True
KRAS	PIK3CA	ERBB3	6	2.69	2.23	0.05591	0.08011	True
PIK3CA	CTNNB1	ATM	6	0.511	11.75	1.590e-05	0.0002113	True
PIK3CA	CTNNB1	POLE	6	0.393	15.28	3.642e-06	6.959e-05	True
PIK3CA	AMER1	POLE	6	0.241	24.93	2.198e-07	7.739e-06	True
TCF7L2	ATM	POLE	6	0.092	65.22	7.780e-10	8.746e-08	True
TCF7L2	KMT2D	POLE	6	0.106	56.53	1.814e-09	1.657e-07	True
CTNNB1	KMT2D	POLE	6	0.122	49.23	4.100e-09	3.329e-07	True
BRAF	POLE	MSH6	6	0.101	59.26	1.372e-09	1.294e-07	True
AMER1	ATM	MSH6	6	0.041	146.3	6.369e-12	1.627e-09	True
AMER1	POLE	CDC27	6	0.015	401.6	1.532e-14	8.957e-12	True
ATM	KMT2C	KMT2D	6	0.199	30.1	7.343e-08	3.462e-06	True
ATM	KMT2C	MSH6	6	0.084	71.3	4.591e-10	5.834e-08	True
ATM	POLE	MSH6	6	0.065	92.68	9.671e-11	1.488e-08	True
ATM	POLE	CDC27	6	0.031	195.7	1.125e-12	3.287e-10	True
APC	TP53	POLE	5	0.881	5.67	0.002141	0.008045	True
APC	KRAS	ERBB3	5	0.761	6.57	0.001132	0.004954	True
APC	KRAS	POLE	5	0.878	5.7	0.002104	0.007952	True
APC	PIK3CA	SMAD4	5	0.952	5.25	0.002978	0.01044	True
APC	PIK3CA	TCF7L2	5	0.467	10.7	0.0001262	0.0009893	True
APC	PIK3CA	KMT2C	5	0.675	7.41	0.0006693	0.003367	True
APC	PIK3CA	CDC27	5	0.156	32.09	6.722e-07	1.889e-05	True
APC	FBXW7	AMER1	5	0.116	43.22	1.569e-07	5.732e-06	True
APC	FBXW7	KMT2C	5	0.237	21.05	5.167e-06	9.229e-05	True
APC	FBXW7	POLE	5	0.183	27.37	1.456e-06	3.249e-05	True
APC	SMAD4	POLE	5	0.197	25.38	2.099e-06	4.479e-05	True
APC	TCF7L2	KMT2C	5	0.126	39.77	2.358e-07	8.204e-06	True
APC	BRAF	MSH6	5	0.138	36.13	3.769e-07	1.184e-05	True
APC	ARID1A	KMT2D	5	0.091	54.74	4.910e-08	2.563e-06	True
APC	ARID1A	POLE	5	0.061	82.11	6.631e-09	4.615e-07	True
APC	AMER1	KMT2C	5	0.088	56.51	4.196e-08	2.308e-06	True
APC	AMER1	MSH6	5	0.043	116	1.196e-09	1.248e-07	True
APC	ATM	PTEN	5	0.079	63.16	2.425e-08	1.508e-06	True
APC	KMT2C	KMT2D	5	0.21	23.86	2.828e-06	5.701e-05	True
APC	ERBB3	POLE	5	0.093	53.69	5.402e-08	2.770e-06	True
TP53	PIK3CA	ERBB3	5	2.701	1.85	0.1372	0.1626	True
KRAS	PIK3CA	ATM	5	4.035	1.24	0.3779	0.4004	True
KRAS	PIK3CA	KMT2C	5	4.035	1.24	0.3779	0.4004	True
KRAS	PIK3CA	TGFBR2	5	1.138	4.39	0.006246	0.01869	True
KRAS	PIK3CA	RNF43	5	1.966	2.54	0.0496	0.07413	True
KRAS	KMT2C	KMT2D	5	1.252	3.99	0.009186	0.02441	True
KRAS	KMT2D	POLE	5	0.963	5.19	0.003126	0.01088	True
PIK3CA	FBXW7	BRAF	5	1.314	3.81	0.01111	0.02762	True
PIK3CA	FBXW7	ATM	5	0.84	5.95	0.001742	0.006903	True
PIK3CA	FBXW7	POLE	5	0.646	7.74	0.0005498	0.00287	True
PIK3CA	SMAD4	ATM	5	0.906	5.52	0.002408	0.008878	True
PIK3CA	SMAD4	KMT2D	5	1.045	4.78	0.004399	0.01442	True
PIK3CA	SMAD4	POLE	5	0.697	7.18	0.0007694	0.003748	True
PIK3CA	SMAD4	MAP2K4	5	0.441	11.33	9.670e-05	0.0008289	True
PIK3CA	TCF7L2	ATM	5	0.445	11.25	0.0001002	0.0008463	True
PIK3CA	TCF7L2	KMT2D	5	0.513	9.75	0.0001937	0.001351	True
PIK3CA	CTNNB1	KMT2C	5	0.511	9.79	0.0001893	0.001327	True
PIK3CA	BRAF	POLE	5	0.773	6.47	0.001213	0.005231	True
PIK3CA	BRAF	MSH6	5	0.489	10.22	0.000156	0.001168	True
PIK3CA	AMER1	ATM	5	0.313	15.98	1.927e-05	0.0002418	True
PIK3CA	AMER1	KMT2C	5	0.313	15.98	1.927e-05	0.0002418	True
PIK3CA	ATM	MSH6	5	0.313	15.98	1.927e-05	0.0002418	True
PIK3CA	KMT2C	MSH6	5	0.313	15.98	1.927e-05	0.0002418	True
PIK3CA	KMT2D	MSH6	5	0.361	13.85	3.788e-05	0.0003927	True
PIK3CA	POLE	CDC27	5	0.114	43.86	1.460e-07	5.401e-06	True
FBXW7	BRAF	ATM	5	0.353	14.15	3.422e-05	0.0003681	True
FBXW7	BRAF	KMT2C	5	0.353	14.15	3.422e-05	0.0003681	True
FBXW7	AMER1	ATM	5	0.11	45.43	1.227e-07	4.848e-06	True
FBXW7	AMER1	POLE	5	0.085	59.06	3.376e-08	1.935e-06	True
FBXW7	ATM	POLE	5	0.174	28.77	1.143e-06	2.783e-05	True
CTNNB1	ATM	KMT2D	5	0.158	31.56	7.291e-07	1.992e-05	True
CTNNB1	ATM	POLE	5	0.106	47.34	1.003e-07	4.136e-06	True
CTNNB1	KMT2C	POLE	5	0.106	47.34	1.003e-07	4.136e-06	True
BRAF	ATM	KMT2C	5	0.27	18.51	9.587e-06	0.0001475	True
BRAF	KMT2C	RNF43	5	0.132	37.99	2.951e-07	9.693e-06	False
AMER1	ATM	KMT2C	5	0.084	59.41	3.280e-08	1.917e-06	True
AMER1	ATM	CDC27	5	0.019	257.5	2.265e-11	3.895e-09	True
AMER1	KMT2C	POLE	5	0.065	77.24	8.977e-09	5.964e-07	True
AMER1	KMT2C	MSH6	5	0.041	122	9.330e-10	1.010e-07	False
AMER1	POLE	MSH6	5	0.032	158.5	2.533e-10	3.525e-08	True
ATM	KMT2D	POLE	5	0.153	32.61	6.215e-07	1.799e-05	True
ATM	PTEN	POLE	5	0.058	86.32	5.177e-09	3.691e-07	True
KMT2D	POLE	MSH6	5	0.075	66.94	1.821e-08	1.157e-06	True
APC	TP53	PIK3CA	4	4.259	0.94	0.6154	0.6279	True
APC	TP53	ARID1A	4	0.499	8.01	0.001743	0.006903	True
APC	TP53	KMT2D	4	1.322	3.03	0.04529	0.06957	True
APC	KRAS	TCF7L2	4	0.79	5.06	0.008694	0.0235	True
APC	KRAS	AMER1	4	0.556	7.2	0.00256	0.009248	True
APC	KRAS	KMT2C	4	1.141	3.51	0.02886	0.05101	True
APC	KRAS	GNAS	4	0.41	9.77	0.0008465	0.004004	True
APC	KRAS	MSH6	4	0.556	7.2	0.00256	0.009248	True
APC	PIK3CA	FBXW7	4	0.883	4.53	0.01263	0.03004	True
APC	PIK3CA	SMAD2	4	0.26	15.4	0.0001541	0.001158	True
APC	PIK3CA	CTNNB1	4	0.537	7.45	0.002259	0.008422	True
APC	PIK3CA	PTEN	4	0.294	13.59	0.0002473	0.001589	True
APC	FBXW7	BRAF	4	0.371	10.77	0.0005903	0.003054	True
APC	FBXW7	CDC27	4	0.055	72.99	3.597e-07	1.143e-05	True
APC	TCF7L2	KMT2D	4	0.145	27.57	1.644e-05	0.0002145	True
APC	SMAD2	POLE	4	0.054	74.45	3.326e-07	1.068e-05	True
APC	CTNNB1	AMER1	4	0.07	56.88	9.634e-07	2.428e-05	True
APC	CTNNB1	ATM	4	0.144	27.71	1.612e-05	0.0002123	True
APC	CTNNB1	KMT2C	4	0.144	27.71	1.612e-05	0.0002123	True
APC	CTNNB1	KMT2D	4	0.167	24.02	2.808e-05	0.0003218	True
APC	CTNNB1	MSH6	4	0.07	56.88	9.634e-07	2.428e-05	True
APC	BRAF	AMER1	4	0.138	28.91	1.368e-05	0.0001895	True
APC	BRAF	ATM	4	0.284	14.08	0.0002163	0.00144	True
APC	BRAF	KMT2C	4	0.284	14.08	0.0002163	0.00144	True
APC	ARID1A	AMER1	4	0.039	103.7	8.936e-08	3.899e-06	True
APC	ARID1A	ATM	4	0.079	50.53	1.536e-06	3.401e-05	True
APC	ARID1A	ERBB3	4	0.053	75.8	3.098e-07	1.006e-05	True
APC	ARID1A	CDC27	4	0.018	219	4.573e-09	3.517e-07	True
APC	AMER1	ERBB2	4	0.043	92.8	1.389e-07	5.252e-06	True
APC	AMER1	PTEN	4	0.039	103.7	8.936e-08	3.899e-06	True
APC	ATM	KMT2D	4	0.21	19.09	6.797e-05	0.0006307	True
APC	KMT2D	ERBB3	4	0.14	28.63	1.419e-05	0.0001939	True
APC	KMT2D	MSH6	4	0.102	39.18	4.171e-06	7.815e-05	True
APC	PTEN	MSH6	4	0.039	103.7	8.936e-08	3.899e-06	True
APC	PTEN	CDC27	4	0.018	219	4.573e-09	3.517e-07	True
APC	POLE	MAP2K4	4	0.068	58.78	8.465e-07	2.209e-05	True
TP53	KRAS	ERBB2	4	3.335	1.2	0.4273	0.4472	True
TP53	KRAS	GNAS	4	2.457	1.63	0.2333	0.2584	True
TP53	PIK3CA	ATM	4	4.051	0.99	0.5764	0.591	True
TP53	PIK3CA	POLE	4	3.116	1.28	0.3788	0.401	True
TP53	PIK3CA	PCBP1	4	2.597	1.54	0.2633	0.288	True
TP53	SMAD4	CTNNB1	4	1.221	3.27	0.03566	0.05945	True
TP53	ERBB3	POLE	4	0.559	7.16	0.002609	0.00938	True
KRAS	PIK3CA	AMER1	4	1.966	2.04	0.1367	0.1621	True
KRAS	PIK3CA	GNAS	4	1.448	2.76	0.05933	0.08355	True
KRAS	PIK3CA	MSH6	4	1.966	2.04	0.1367	0.1621	True
KRAS	FBXW7	TGFBR2	4	0.4	9.99	0.0007781	0.003778	True
KRAS	SMAD4	CTNNB1	4	1.216	3.29	0.03521	0.05902	True
KRAS	TCF7L2	CTNNB1	4	0.597	6.7	0.003302	0.01137	True
KRAS	TCF7L2	KMT2C	4	0.751	5.32	0.007335	0.02069	True
KRAS	TCF7L2	KMT2D	4	0.867	4.61	0.01188	0.02892	True
KRAS	TCF7L2	POLE	4	0.578	6.92	0.002941	0.01037	True
KRAS	SMAD2	POLE	4	0.321	12.46	0.0003429	0.002038	True
KRAS	ATM	KMT2C	4	1.085	3.69	0.02466	0.04665	True
KRAS	ATM	KMT2D	4	1.252	3.19	0.03847	0.06253	True
KRAS	KMT2C	POLE	4	0.835	4.79	0.01048	0.0267	True
KRAS	KMT2C	MSH6	4	0.529	7.57	0.002141	0.008045	True
KRAS	KMT2D	ERBB3	4	0.835	4.79	0.01048	0.0267	True
KRAS	KMT2D	GNAS	4	0.449	8.9	0.00119	0.005155	True
PIK3CA	FBXW7	CTNNB1	4	0.668	5.99	0.004881	0.01546	True
PIK3CA	FBXW7	TGFBR2	4	0.237	16.89	0.0001086	0.0009021	True
PIK3CA	SMAD4	CTNNB1	4	0.72	5.56	0.006338	0.0189	True
PIK3CA	SMAD4	BRAF	4	1.417	2.82	0.05562	0.07994	True
PIK3CA	TCF7L2	AMER1	4	0.217	18.47	7.719e-05	0.0006942	True
PIK3CA	TCF7L2	KMT2C	4	0.445	9	0.001144	0.004999	True
PIK3CA	TCF7L2	MSH6	4	0.217	18.47	7.719e-05	0.0006942	True
PIK3CA	CTNNB1	BRAF	4	0.798	5.01	0.009022	0.02415	True
PIK3CA	CTNNB1	AMER1	4	0.249	16.08	0.0001308	0.001017	True
PIK3CA	CTNNB1	MSH6	4	0.249	16.08	0.0001308	0.001017	True
PIK3CA	BRAF	AMER1	4	0.489	8.17	0.001621	0.006554	True
PIK3CA	BRAF	ATM	4	1.005	3.98	0.01927	0.03958	True
PIK3CA	ARID1A	AMER1	4	0.136	29.33	1.293e-05	0.0001834	True
PIK3CA	ARID1A	ATM	4	0.28	14.29	0.0002048	0.001391	True
PIK3CA	ARID1A	POLE	4	0.215	18.57	7.548e-05	0.0006851	True
PIK3CA	ARID1A	CDC27	4	0.065	61.91	6.893e-07	1.919e-05	True
PIK3CA	AMER1	MSH6	4	0.152	26.24	1.992e-05	0.0002478	True
PIK3CA	AMER1	CDC27	4	0.072	55.4	1.069e-06	2.648e-05	True
PIK3CA	ATM	MAP2K4	4	0.313	12.78	0.0003113	0.001896	True
PIK3CA	ATM	CDC27	4	0.148	26.99	1.786e-05	0.00023	True
PIK3CA	KMT2D	PCBP1	4	0.475	8.42	0.001455	0.006069	True
PIK3CA	KMT2D	MAP2K4	4	0.361	11.08	0.0005312	0.002793	True
PIK3CA	PTEN	POLE	4	0.215	18.57	7.548e-05	0.0006851	True
PIK3CA	ACVR2A	POLE	4	0.139	28.71	1.406e-05	0.0001929	True
PIK3CA	POLE	MAP2K4	4	0.241	16.62	0.0001154	0.0009424	True
FBXW7	CTNNB1	BRAF	4	0.281	14.24	0.0002073	0.001396	True
FBXW7	CTNNB1	ATM	4	0.18	22.28	3.753e-05	0.0003904	True
FBXW7	CTNNB1	KMT2D	4	0.207	19.31	6.508e-05	0.0006137	True
FBXW7	CTNNB1	POLE	4	0.138	28.96	1.358e-05	0.000189	True
FBXW7	BRAF	POLE	4	0.272	14.72	0.0001831	0.001308	True
FBXW7	AMER1	CDC27	4	0.025	157.5	1.698e-08	1.103e-06	True
FBXW7	ATM	CDC27	4	0.052	76.73	2.951e-07	9.693e-06	True
FBXW7	POLE	CDC27	4	0.04	99.75	1.043e-07	4.236e-06	True
SMAD4	CTNNB1	KMT2D	4	0.223	17.9	8.690e-05	0.0007674	True
SMAD4	CTNNB1	POLE	4	0.149	26.85	1.821e-05	0.0002325	True
SMAD4	KMT2D	POLE	4	0.216	18.5	7.666e-05	0.0006937	True
TCF7L2	KMT2C	POLE	4	0.092	43.48	2.773e-06	5.628e-05	True
TCF7L2	POLE	MSH6	4	0.045	89.25	1.622e-07	5.853e-06	True
CTNNB1	AMER1	ATM	4	0.067	59.8	7.909e-07	2.083e-05	True
CTNNB1	AMER1	KMT2C	4	0.067	59.8	7.909e-07	2.083e-05	True
CTNNB1	AMER1	POLE	4	0.051	77.74	2.803e-07	9.528e-06	True
CTNNB1	ATM	KMT2C	4	0.137	29.13	1.327e-05	0.0001856	True
CTNNB1	KMT2C	KMT2D	4	0.158	25.25	2.313e-05	0.0002771	True
CTNNB1	KMT2C	MSH6	4	0.067	59.8	7.909e-07	2.083e-05	True
CTNNB1	POLE	MSH6	4	0.051	77.74	2.803e-07	9.528e-06	True
BRAF	AMER1	ATM	4	0.132	30.39	1.126e-05	0.0001662	True
BRAF	AMER1	MSH6	4	0.064	62.38	6.694e-07	1.889e-05	False
BRAF	ATM	KMT2D	4	0.312	12.83	0.0003071	0.001878	True
BRAF	ATM	POLE	4	0.208	19.25	6.587e-05	0.0006171	True
BRAF	ATM	MSH6	4	0.132	30.39	1.126e-05	0.0001662	True
BRAF	KMT2C	KMT2D	4	0.312	12.83	0.0003071	0.001878	False
BRAF	KMT2D	POLE	4	0.24	16.68	0.0001138	0.0009321	True
BRAF	KMT2D	MSH6	4	0.152	26.34	1.964e-05	0.0002453	False
BRAF	ACVR2A	MSH6	4	0.037	107.7	7.685e-08	3.565e-06	True
BRAF	MSH6	CASP8	4	0.03	131.7	3.462e-08	1.946e-06	False
ARID1A	ATM	KMT2D	4	0.087	46.04	2.215e-06	4.692e-05	True
ARID1A	ATM	POLE	4	0.058	69.06	4.478e-07	1.378e-05	True
ARID1A	ATM	CDC27	4	0.017	230.2	3.746e-09	3.129e-07	True
ARID1A	KMT2D	POLE	4	0.067	59.85	7.880e-07	2.083e-05	True
ARID1A	POLE	CDC27	4	0.013	299.3	1.316e-09	1.282e-07	True
AMER1	ATM	PTEN	4	0.037	109	7.327e-08	3.462e-06	True
AMER1	PTEN	POLE	4	0.028	141.8	2.583e-08	1.541e-06	True
ATM	KMT2C	PTEN	4	0.075	53.12	1.261e-06	2.973e-05	True
ATM	KMT2C	MAP2K4	4	0.084	47.53	1.954e-06	4.231e-05	True
ATM	PTEN	CDC27	4	0.017	230.2	3.746e-09	3.129e-07	True
ATM	RNF43	MAP2K4	4	0.041	97.56	1.139e-07	4.562e-06	True
PTEN	POLE	MSH6	4	0.028	141.8	2.583e-08	1.541e-06	True
PTEN	POLE	CDC27	4	0.013	299.3	1.316e-09	1.282e-07	True
APC	TP53	TCF7L2	3	0.793	3.78	0.04643	0.07097	True
APC	TP53	PTEN	3	0.499	6.01	0.01434	0.03271	True
APC	TP53	MSH6	3	0.558	5.38	0.01917	0.03954	True
APC	KRAS	SMAD2	3	0.439	6.84	0.01017	0.02624	True
APC	KRAS	ARID1A	3	0.497	6.03	0.01418	0.03251	True
APC	KRAS	ATM	3	1.141	2.63	0.1079	0.1335	True
APC	KRAS	KMT2D	3	1.316	2.28	0.1467	0.1722	True
APC	KRAS	ERBB2	3	0.556	5.4	0.01897	0.03942	True
APC	PIK3CA	NRAS	3	0.623	4.81	0.02547	0.04748	True
APC	PIK3CA	ERBB2	3	0.329	9.12	0.004644	0.01492	True
APC	PIK3CA	ACVR2A	3	0.19	15.75	0.0009985	0.004511	True
APC	PIK3CA	GNAS	3	0.242	12.38	0.001981	0.007659	True
APC	PIK3CA	CASP8	3	0.156	19.25	0.0005612	0.002924	True
APC	PIK3CA	AXIN2	3	0.225	13.33	0.001606	0.006544	True
APC	PIK3CA	MAP2K4	3	0.329	9.12	0.004644	0.01492	True
APC	FBXW7	CTNNB1	3	0.189	15.89	0.0009737	0.004419	True
APC	FBXW7	MSH6	3	0.116	25.93	0.0002367	0.001551	True
APC	SMAD4	CTNNB1	3	0.204	14.74	0.001208	0.005215	True
APC	SMAD4	ARID1A	3	0.112	26.87	0.0002133	0.001427	True
APC	SMAD4	AMER1	3	0.125	24.04	0.0002949	0.001833	True
APC	SMAD4	KMT2D	3	0.296	10.15	0.003452	0.01179	True
APC	SMAD4	CDC27	3	0.059	50.76	3.292e-05	0.0003577	True
APC	TCF7L2	ARID1A	3	0.055	54.74	2.633e-05	0.0003091	True
APC	TCF7L2	AMER1	3	0.061	48.98	3.658e-05	0.0003819	True
APC	TCF7L2	PTEN	3	0.055	54.74	2.633e-05	0.0003091	True
APC	TCF7L2	MSH6	3	0.061	48.98	3.658e-05	0.0003819	True
APC	TCF7L2	CDC27	3	0.029	103.4	3.983e-06	7.511e-05	True
APC	NRAS	SMAD2	3	0.064	46.53	4.256e-05	0.0004335	True
APC	NRAS	POLE	3	0.129	23.27	0.0003245	0.001944	True
APC	SMAD2	AMER1	3	0.034	88.16	6.401e-06	0.0001069	True
APC	SMAD2	ATM	3	0.07	42.95	5.390e-05	0.0005148	True
APC	SMAD2	KMT2C	3	0.07	42.95	5.390e-05	0.0005148	True
APC	SMAD2	ERBB2	3	0.034	88.16	6.401e-06	0.0001069	True
APC	SMAD2	MSH6	3	0.034	88.16	6.401e-06	0.0001069	True
APC	CTNNB1	BRAF	3	0.226	13.29	0.001621	0.006554	True
APC	CTNNB1	PTEN	3	0.063	47.68	3.961e-05	0.0004077	True
APC	CTNNB1	CDC27	3	0.033	90.06	6.009e-06	0.0001021	True
APC	BRAF	KMT2D	3	0.328	9.15	0.004598	0.0148	True
APC	BRAF	ERBB3	3	0.189	15.84	0.0009825	0.004453	True
APC	BRAF	CASP8	3	0.066	45.77	4.469e-05	0.0004413	True
APC	BRAF	AXIN2	3	0.095	31.69	0.0001318	0.001022	True
APC	ATM	AXIN2	3	0.061	49.56	3.533e-05	0.000376	True
APC	KMT2C	ERBB2	3	0.088	33.91	0.000108	0.0008996	True
APC	KMT2C	PTEN	3	0.079	37.9	7.792e-05	0.0006986	True
APC	KMT2C	CASP8	3	0.042	71.59	1.189e-05	0.0001729	True
APC	KMT2C	CDC27	3	0.042	71.59	1.189e-05	0.0001729	True
APC	KMT2D	PTEN	3	0.091	32.85	0.0001186	0.0009498	True
APC	KMT2D	GNAS	3	0.075	39.88	6.705e-05	0.0006261	True
APC	KMT2D	CDC27	3	0.048	62.04	1.817e-05	0.0002325	True
APC	ERBB2	POLE	3	0.068	44.08	4.992e-05	0.0004832	True
APC	ERBB3	MSH6	3	0.059	50.86	3.272e-05	0.0003569	True
APC	ERBB3	MAP2K4	3	0.059	50.86	3.272e-05	0.0003569	True
APC	PTEN	MAP2K4	3	0.039	77.79	9.287e-06	0.0001436	True
APC	ACVR2A	POLE	3	0.039	76.14	9.898e-06	0.0001515	True
APC	RNF43	POLE	3	0.068	44.08	4.992e-05	0.0004832	True
APC	RNF43	MAP2K4	3	0.043	69.6	1.292e-05	0.0001834	True
APC	RNF43	CDC27	3	0.02	146.9	1.397e-06	3.141e-05	True
APC	POLE	CASP8	3	0.032	93.06	5.450e-06	9.598e-05	True
APC	POLE	AXIN2	3	0.047	64.43	1.625e-05	0.000213	True
APC	MSH6	CASP8	3	0.02	146.9	1.397e-06	3.141e-05	True
APC	MSH6	CDC27	3	0.02	146.9	1.397e-06	3.141e-05	True
APC	MAP2K4	CDC27	3	0.02	146.9	1.397e-06	3.141e-05	True
TP53	KRAS	SMAD2	3	2.633	1.14	0.4897	0.5076	True
TP53	KRAS	SOX9	3	3.51	0.85	0.681	0.6905	True
TP53	KRAS	ARID1A	3	2.984	1.01	0.5731	0.588	True
TP53	KRAS	ATM	3	6.845	0.44	0.9667	0.969	True
TP53	KRAS	KMT2D	3	7.898	0.38	0.9851	0.9865	True
TP53	KRAS	POLE	3	5.265	0.57	0.896	0.8997	True
TP53	KRAS	MAP2K4	3	3.335	0.9	0.6475	0.6592	True
TP53	PIK3CA	BRAF	3	6.336	0.47	0.9515	0.9544	True
TP53	PIK3CA	SOX9	3	2.077	1.44	0.3443	0.3665	True
TP53	PIK3CA	KMT2D	3	4.674	0.64	0.8451	0.8508	True
TP53	PIK3CA	PTEN	3	1.766	1.7	0.2603	0.2851	True
TP53	PIK3CA	RNF43	3	1.974	1.52	0.3162	0.3399	True
TP53	PIK3CA	MAP2K4	3	1.974	1.52	0.3162	0.3399	True
TP53	TCF7L2	ERBB3	3	0.503	5.97	0.01461	0.03316	True
TP53	CTNNB1	KMT2D	3	0.999	3	0.08018	0.1059	True
TP53	BRAF	MSH6	3	0.83	3.61	0.05187	0.07654	True
TP53	ARID1A	KMT2D	3	0.548	5.47	0.01829	0.03849	True
TP53	ARID1A	ERBB3	3	0.317	9.47	0.004181	0.01378	True
TP53	ATM	KMT2D	3	1.257	2.39	0.1332	0.1585	True
TP53	ATM	MAP2K4	3	0.531	5.65	0.01683	0.03648	True
TP53	KMT2D	POLE	3	0.967	3.1	0.07435	0.09998	True
TP53	PTEN	POLE	3	0.365	8.21	0.006196	0.01868	True
TP53	POLE	MSH6	3	0.408	7.35	0.008381	0.02303	True
KRAS	PIK3CA	ERBB2	3	1.966	1.53	0.314	0.3381	True
KRAS	PIK3CA	PTEN	3	1.759	1.71	0.2583	0.2832	True
KRAS	PIK3CA	CASP8	3	0.931	3.22	0.06807	0.09299	True
KRAS	PIK3CA	CDC27	3	0.931	3.22	0.06807	0.09299	True
KRAS	FBXW7	KMT2D	3	1.637	1.83	0.2263	0.2519	True
KRAS	FBXW7	PCBP1	3	0.91	3.3	0.06446	0.08921	True
KRAS	SMAD4	ATM	3	1.53	1.96	0.1988	0.2251	True
KRAS	SMAD4	KMT2D	3	1.766	1.7	0.2602	0.2851	True
KRAS	TCF7L2	SMAD2	3	0.289	10.38	0.003243	0.0112	True
KRAS	TCF7L2	AMER1	3	0.366	8.2	0.006226	0.01868	True
KRAS	TCF7L2	ATM	3	0.751	3.99	0.04068	0.0649	True
KRAS	TCF7L2	MSH6	3	0.366	8.2	0.006226	0.01868	True
KRAS	SMAD2	AMER1	3	0.203	14.75	0.001204	0.005206	True
KRAS	SMAD2	KMT2C	3	0.417	7.19	0.008891	0.02384	True
KRAS	CTNNB1	KMT2C	3	0.863	3.48	0.05684	0.08088	True
KRAS	CTNNB1	KMT2D	3	0.995	3.01	0.07944	0.1051	True
KRAS	SOX9	ATM	3	0.557	5.39	0.01904	0.03944	True
KRAS	AMER1	KMT2C	3	0.529	5.67	0.01666	0.0362	True
KRAS	AMER1	POLE	3	0.407	7.38	0.008289	0.02281	True
KRAS	ATM	POLE	3	0.835	3.59	0.05255	0.07661	True
KRAS	ATM	MSH6	3	0.529	5.67	0.01666	0.0362	True
KRAS	KMT2C	MAP2K4	3	0.529	5.67	0.01666	0.0362	True
KRAS	KMT2D	TGFBR2	3	0.353	8.49	0.005647	0.01732	True
KRAS	KMT2D	PCBP1	3	0.803	3.74	0.0478	0.07236	True
KRAS	ERBB3	GNAS	3	0.26	11.55	0.002406	0.008878	True
KRAS	ERBB3	RNF43	3	0.352	8.51	0.005615	0.01728	True
KRAS	GNAS	POLE	3	0.3	10.01	0.003588	0.01221	True
KRAS	RNF43	POLE	3	0.407	7.38	0.008289	0.02281	True
KRAS	POLE	MSH6	3	0.407	7.38	0.008289	0.02281	True
PIK3CA	FBXW7	SMAD4	3	1.184	2.53	0.1172	0.1424	True
PIK3CA	FBXW7	SOX9	3	0.431	6.97	0.009674	0.02541	True
PIK3CA	FBXW7	ARID1A	3	0.366	8.19	0.00623	0.01868	True
PIK3CA	FBXW7	AMER1	3	0.409	7.33	0.008427	0.02303	True
PIK3CA	FBXW7	KMT2D	3	0.969	3.1	0.0747	0.1002	True
PIK3CA	FBXW7	CASP8	3	0.194	15.48	0.00105	0.004679	True
PIK3CA	SMAD4	ARID1A	3	0.395	7.6	0.007651	0.0214	True
PIK3CA	SMAD4	AMER1	3	0.441	6.8	0.01032	0.02645	True
PIK3CA	SMAD4	RNF43	3	0.441	6.8	0.01032	0.02645	True
PIK3CA	SMAD4	CASP8	3	0.209	14.35	0.001302	0.005524	True
PIK3CA	SMAD4	PCBP1	3	0.581	5.17	0.02124	0.04239	True
PIK3CA	SMAD4	CDC27	3	0.209	14.35	0.001302	0.005524	True
PIK3CA	TCF7L2	SMAD2	3	0.171	17.54	0.0007336	0.003598	True
PIK3CA	TCF7L2	ARID1A	3	0.194	15.48	0.00105	0.004679	True
PIK3CA	TCF7L2	PTEN	3	0.194	15.48	0.00105	0.004679	True
PIK3CA	TCF7L2	CDC27	3	0.103	29.24	0.0001667	0.001209	True
PIK3CA	NRAS	SMAD2	3	0.228	13.16	0.001667	0.006706	True
PIK3CA	SMAD2	AMER1	3	0.12	24.93	0.0002655	0.001683	True
PIK3CA	SMAD2	KMT2C	3	0.247	12.14	0.00209	0.007912	True
PIK3CA	SMAD2	POLE	3	0.19	15.79	0.0009922	0.00449	True
PIK3CA	CTNNB1	ACVR2A	3	0.144	20.84	0.0004468	0.002483	True
PIK3CA	CTNNB1	CASP8	3	0.118	25.47	0.0002495	0.0016	True
PIK3CA	BRAF	ARID1A	3	0.438	6.85	0.01011	0.02623	True
PIK3CA	BRAF	ERBB3	3	0.67	4.48	0.03056	0.05308	True
PIK3CA	BRAF	RNF43	3	0.489	6.13	0.0136	0.03152	True
PIK3CA	BRAF	CASP8	3	0.232	12.94	0.001747	0.006909	True
PIK3CA	BRAF	MAP2K4	3	0.489	6.13	0.0136	0.03152	True
PIK3CA	SOX9	ATM	3	0.329	9.11	0.004661	0.01494	True
PIK3CA	ARID1A	KMT2D	3	0.323	9.29	0.004418	0.01442	True
PIK3CA	AMER1	KMT2D	3	0.361	8.31	0.005997	0.01818	True
PIK3CA	AMER1	ERBB2	3	0.152	19.68	0.0005268	0.002776	True
PIK3CA	ATM	PTEN	3	0.28	10.72	0.002969	0.01043	True
PIK3CA	ATM	ACVR2A	3	0.181	16.56	0.0008654	0.00408	True
PIK3CA	ATM	AXIN2	3	0.214	14.01	0.001394	0.005854	True
PIK3CA	KMT2C	RNF43	3	0.313	9.59	0.004045	0.01339	True
PIK3CA	KMT2D	PTEN	3	0.323	9.29	0.004418	0.01442	True
PIK3CA	KMT2D	GNAS	3	0.266	11.28	0.002574	0.009264	True
PIK3CA	KMT2D	RNF43	3	0.361	8.31	0.005997	0.01818	True
PIK3CA	KMT2D	AXIN2	3	0.247	12.14	0.00209	0.007912	True
PIK3CA	KMT2D	CDC27	3	0.171	17.54	0.0007336	0.003598	True
PIK3CA	ERBB3	RNF43	3	0.209	14.38	0.001295	0.005509	True
PIK3CA	ERBB3	POLE	3	0.329	9.11	0.004661	0.01494	True
PIK3CA	ERBB3	MAP2K4	3	0.209	14.38	0.001295	0.005509	True
PIK3CA	PTEN	MSH6	3	0.136	22	0.0003819	0.002236	True
PIK3CA	GNAS	POLE	3	0.177	16.92	0.0008143	0.003906	True
PIK3CA	RNF43	POLE	3	0.241	12.46	0.001942	0.007569	True
PIK3CA	RNF43	MAP2K4	3	0.152	19.68	0.0005268	0.002776	True
PIK3CA	POLE	CASP8	3	0.114	26.31	0.0002268	0.001507	True
PIK3CA	POLE	PCBP1	3	0.317	9.47	0.004182	0.01378	True
PIK3CA	POLE	AXIN2	3	0.165	18.22	0.0006582	0.003323	True
PIK3CA	MSH6	CASP8	3	0.072	41.55	5.944e-05	0.0005641	True
FBXW7	SMAD4	KMT2D	3	0.368	8.16	0.006299	0.01881	True
FBXW7	SMAD4	POLE	3	0.245	12.24	0.002043	0.007797	True
FBXW7	CTNNB1	AMER1	3	0.087	34.3	0.0001045	0.0008752	True
FBXW7	CTNNB1	B2M	3	0.023	130.3	1.998e-06	4.295e-05	True
FBXW7	CTNNB1	CASP8	3	0.041	72.4	1.149e-05	0.0001688	True
FBXW7	BRAF	AMER1	3	0.172	17.43	0.0007475	0.003654	True
FBXW7	BRAF	MSH6	3	0.172	17.43	0.0007475	0.003654	True
FBXW7	BRAF	CASP8	3	0.082	36.79	8.499e-05	0.0007551	True
FBXW7	SOX9	ATM	3	0.116	25.9	0.0002376	0.001554	True
FBXW7	AMER1	KMT2C	3	0.11	27.26	0.0002046	0.001391	True
FBXW7	AMER1	MSH6	3	0.054	55.96	2.467e-05	0.0002932	True
FBXW7	ATM	KMT2C	3	0.226	13.28	0.001623	0.006554	True
FBXW7	ATM	KMT2D	3	0.261	11.51	0.00243	0.008947	True
FBXW7	ATM	MSH6	3	0.11	27.26	0.0002046	0.001391	True
FBXW7	ATM	CASP8	3	0.052	57.55	2.271e-05	0.0002731	True
FBXW7	KMT2C	POLE	3	0.174	17.26	0.000768	0.003748	True
FBXW7	KMT2C	MSH6	3	0.11	27.26	0.0002046	0.001391	True
FBXW7	B2M	POLE	3	0.022	134.7	1.812e-06	3.953e-05	True
FBXW7	POLE	MSH6	3	0.085	35.44	9.490e-05	0.0008183	True
FBXW7	POLE	CASP8	3	0.04	74.81	1.043e-05	0.0001563	True
SMAD4	BRAF	KMT2D	3	0.44	6.82	0.01022	0.02635	True
SMAD4	BRAF	POLE	3	0.293	10.24	0.003374	0.01155	True
SMAD4	BRAF	MSH6	3	0.186	16.16	0.0009282	0.004259	True
SMAD4	BRAF	MAP2K4	3	0.186	16.16	0.0009282	0.004259	True
SMAD4	AMER1	POLE	3	0.091	32.86	0.0001184	0.0009498	True
SMAD4	AMER1	CDC27	3	0.027	109.5	3.354e-06	6.581e-05	True
SMAD4	KMT2C	KMT2D	3	0.281	10.67	0.003002	0.01051	True
SMAD4	KMT2D	MAP2K4	3	0.137	21.91	0.0003864	0.002236	True
SMAD4	ACVR2A	POLE	3	0.053	56.76	2.365e-05	0.0002822	True
SMAD4	POLE	MSH6	3	0.091	32.86	0.0001184	0.0009498	True
SMAD4	POLE	CDC27	3	0.043	69.37	1.305e-05	0.0001834	True
TCF7L2	SMAD2	KMT2C	3	0.046	65.22	1.567e-05	0.0002097	True
TCF7L2	ARID1A	ATM	3	0.052	57.55	2.271e-05	0.0002731	True
TCF7L2	ARID1A	POLE	3	0.04	74.81	1.043e-05	0.0001563	True
TCF7L2	ARID1A	CDC27	3	0.012	249.4	2.875e-07	9.661e-06	True
TCF7L2	AMER1	ATM	3	0.058	51.49	3.155e-05	0.0003481	True
TCF7L2	AMER1	KMT2C	3	0.058	51.49	3.155e-05	0.0003481	True
TCF7L2	AMER1	POLE	3	0.045	66.94	1.451e-05	0.0001963	True
TCF7L2	ATM	KMT2C	3	0.12	25.09	0.0002607	0.001656	True
TCF7L2	ATM	KMT2D	3	0.138	21.74	0.000395	0.002253	True
TCF7L2	ATM	PTEN	3	0.052	57.55	2.271e-05	0.0002731	True
TCF7L2	ATM	MSH6	3	0.058	51.49	3.155e-05	0.0003481	True
TCF7L2	ATM	CDC27	3	0.028	108.7	3.432e-06	6.643e-05	True
TCF7L2	KMT2C	KMT2D	3	0.138	21.74	0.000395	0.002253	True
TCF7L2	KMT2C	MSH6	3	0.058	51.49	3.155e-05	0.0003481	True
TCF7L2	KMT2D	MSH6	3	0.067	44.63	4.815e-05	0.0004691	True
TCF7L2	PTEN	POLE	3	0.04	74.81	1.043e-05	0.0001563	True
TCF7L2	POLE	CDC27	3	0.021	141.3	1.569e-06	3.449e-05	True
SMAD2	AMER1	KMT2C	3	0.032	92.68	5.516e-06	9.598e-05	True
SMAD2	AMER1	ERBB2	3	0.016	190.2	6.458e-07	1.851e-05	True
SMAD2	AMER1	POLE	3	0.025	120.5	2.525e-06	5.161e-05	True
SMAD2	ATM	KMT2C	3	0.066	45.15	4.651e-05	0.0004577	True
SMAD2	ATM	POLE	3	0.051	58.7	2.141e-05	0.000263	True
SMAD2	ATM	MSH6	3	0.032	92.68	5.516e-06	9.598e-05	True
SMAD2	KMT2C	POLE	3	0.051	58.7	2.141e-05	0.000263	True
SMAD2	KMT2C	MSH6	3	0.032	92.68	5.516e-06	9.598e-05	True
SMAD2	ERBB2	POLE	3	0.025	120.5	2.525e-06	5.161e-05	True
SMAD2	POLE	MSH6	3	0.025	120.5	2.525e-06	5.161e-05	True
CTNNB1	BRAF	ATM	3	0.215	13.97	0.001407	0.00589	True
CTNNB1	BRAF	KMT2D	3	0.248	12.11	0.002108	0.007952	True
CTNNB1	BRAF	POLE	3	0.165	18.16	0.0006642	0.003347	True
CTNNB1	BRAF	MSH6	3	0.105	28.67	0.0001765	0.001268	True
CTNNB1	AMER1	MSH6	3	0.033	92.06	5.629e-06	9.737e-05	True
CTNNB1	AMER1	CDC27	3	0.015	194.3	6.061e-07	1.771e-05	True
CTNNB1	ATM	MSH6	3	0.067	44.85	4.745e-05	0.0004639	True
CTNNB1	ATM	CDC27	3	0.032	94.68	5.178e-06	9.229e-05	True
CTNNB1	KMT2D	PTEN	3	0.069	43.44	5.213e-05	0.0005012	True
CTNNB1	KMT2D	B2M	3	0.02	147.7	1.376e-06	3.141e-05	True
CTNNB1	KMT2D	MSH6	3	0.077	38.87	7.234e-05	0.0006649	True
CTNNB1	PTEN	POLE	3	0.046	65.16	1.571e-05	0.0002097	True
CTNNB1	ACVR2A	POLE	3	0.03	100.7	4.309e-06	8.023e-05	True
CTNNB1	B2M	POLE	3	0.014	221.6	4.096e-07	1.274e-05	True
CTNNB1	POLE	CASP8	3	0.024	123.1	2.370e-06	4.948e-05	True
CTNNB1	POLE	CDC27	3	0.024	123.1	2.370e-06	4.948e-05	True
BRAF	ARID1A	AMER1	3	0.057	52.29	3.016e-05	0.0003404	False
BRAF	ARID1A	TGFBR2	3	0.033	90.31	5.959e-06	0.0001019	False
BRAF	AMER1	KMT2C	3	0.132	22.79	0.0003445	0.002038	False
BRAF	AMER1	KMT2D	3	0.152	19.75	0.0005213	0.002765	False
BRAF	AMER1	POLE	3	0.101	29.63	0.0001604	0.001175	True
BRAF	AMER1	MAP2K4	3	0.064	46.78	4.189e-05	0.0004281	True
BRAF	ATM	CASP8	3	0.062	48.11	3.856e-05	0.0003982	True
BRAF	ATM	MAP2K4	3	0.132	22.79	0.0003445	0.002038	True
BRAF	KMT2C	POLE	3	0.208	14.43	0.001281	0.005476	True
BRAF	KMT2C	MSH6	3	0.132	22.79	0.0003445	0.002038	False
BRAF	KMT2D	ACVR2A	3	0.088	34.12	0.0001061	0.000886	True
BRAF	KMT2D	RNF43	3	0.152	19.75	0.0005213	0.002765	False
BRAF	ACVR2A	POLE	3	0.059	51.18	3.213e-05	0.0003531	True
BRAF	MSH6	MAP2K4	3	0.064	46.78	4.189e-05	0.0004281	True
SOX9	ARID1A	AMER1	3	0.019	159.5	1.094e-06	2.687e-05	False
ARID1A	AMER1	ATM	3	0.037	81.78	8.004e-06	0.0001272	True
ARID1A	AMER1	POLE	3	0.028	106.3	3.666e-06	6.959e-05	True
ARID1A	AMER1	CDC27	3	0.008	354.4	1.005e-07	4.136e-06	True
ARID1A	ATM	KMT2C	3	0.075	39.84	6.725e-05	0.0006261	True
ARID1A	ATM	PTEN	3	0.033	91.4	5.750e-06	9.887e-05	True
ARID1A	KMT2C	KMT2D	3	0.087	34.53	0.0001024	0.0008603	False
ARID1A	KMT2D	ERBB3	3	0.058	51.79	3.101e-05	0.0003473	True
ARID1A	KMT2D	PTEN	3	0.038	79.21	8.800e-06	0.0001368	True
ARID1A	KMT2D	CDC27	3	0.02	149.6	1.323e-06	3.094e-05	True
AMER1	KMT2C	PTEN	3	0.037	81.78	8.004e-06	0.0001272	True
AMER1	KMT2C	CDC27	3	0.019	154.5	1.203e-06	2.859e-05	True
AMER1	ERBB2	POLE	3	0.032	95.12	5.106e-06	9.223e-05	True
AMER1	PTEN	MSH6	3	0.018	167.9	9.387e-07	2.407e-05	True
AMER1	PTEN	CDC27	3	0.008	354.4	1.005e-07	4.136e-06	True
AMER1	MSH6	CDC27	3	0.009	317.1	1.402e-07	5.252e-06	True
ATM	KMT2C	RNF43	3	0.084	35.65	9.327e-05	0.0008114	True
ATM	KMT2C	CDC27	3	0.04	75.26	1.025e-05	0.000156	True
ATM	KMT2D	PTEN	3	0.087	34.53	0.0001024	0.0008603	True
ATM	KMT2D	MSH6	3	0.097	30.89	0.0001419	0.001086	True
ATM	KMT2D	MAP2K4	3	0.097	30.89	0.0001419	0.001086	True
ATM	KMT2D	CDC27	3	0.046	65.22	1.567e-05	0.0002097	True
ATM	PTEN	MSH6	3	0.037	81.78	8.004e-06	0.0001272	True
ATM	ACVR2A	POLE	3	0.037	80.05	8.531e-06	0.0001333	True
ATM	POLE	AXIN2	3	0.044	67.73	1.401e-05	0.0001929	True
ATM	POLE	MAP2K4	3	0.065	46.34	4.308e-05	0.0004357	True
ATM	MSH6	CDC27	3	0.019	154.5	1.203e-06	2.859e-05	True
KMT2C	KMT2D	RNF43	3	0.097	30.89	0.0001419	0.001086	False
KMT2C	KMT2D	MSH6	3	0.097	30.89	0.0001419	0.001086	False
KMT2C	KMT2D	MAP2K4	3	0.097	30.89	0.0001419	0.001086	True
KMT2C	PTEN	POLE	3	0.058	51.79	3.101e-05	0.0003473	True
KMT2C	PTEN	MSH6	3	0.037	81.78	8.004e-06	0.0001272	True
KMT2C	RNF43	MAP2K4	3	0.041	73.17	1.114e-05	0.0001661	True
KMT2C	POLE	CASP8	3	0.031	97.83	4.696e-06	8.634e-05	True
KMT2C	POLE	CDC27	3	0.031	97.83	4.696e-06	8.634e-05	True
KMT2C	MSH6	CDC27	3	0.019	154.5	1.203e-06	2.859e-05	True
KMT2D	ERBB3	POLE	3	0.102	29.35	0.0001649	0.001199	True
KMT2D	ERBB3	MAP2K4	3	0.065	46.34	4.308e-05	0.0004357	True
KMT2D	PTEN	POLE	3	0.067	44.89	4.732e-05	0.0004639	True
KMT2D	GNAS	POLE	3	0.055	54.51	2.667e-05	0.0003118	True
KMT2D	BMPR1A	POLE	3	0.028	109	3.403e-06	6.630e-05	True
KMT2D	POLE	CASP8	3	0.035	84.79	7.189e-06	0.0001187	True
KMT2D	POLE	PCBP1	3	0.098	30.52	0.000147	0.001116	True
KMT2D	POLE	MAP2K4	3	0.075	40.16	6.568e-05	0.0006171	True
KMT2D	POLE	CDC27	3	0.035	84.79	7.189e-06	0.0001187	True
ERBB3	RNF43	MAP2K4	3	0.027	109.8	3.334e-06	6.581e-05	True
ERBB3	POLE	MAP2K4	3	0.043	69.51	1.297e-05	0.0001834	True
PTEN	POLE	MAP2K4	3	0.028	106.3	3.666e-06	6.959e-05	True
ACVR2A	POLE	MSH6	3	0.018	164.3	1.001e-06	2.500e-05	True
RNF43	POLE	MAP2K4	3	0.032	95.12	5.106e-06	9.223e-05	True
RNF43	POLE	CDC27	3	0.015	200.8	5.495e-07	1.639e-05	True
RNF43	AXIN2	CDC27	3	0.006	463.4	4.500e-08	2.391e-06	True
RNF43	MAP2K4	CDC27	3	0.009	317.1	1.402e-07	5.252e-06	True
POLE	MSH6	CDC27	3	0.015	200.8	5.495e-07	1.639e-05	True
POLE	MAP2K4	CDC27	3	0.015	200.8	5.495e-07	1.639e-05	True
APC	TP53	SMAD4	2	1.615	1.24	0.48	0.4992	True
APC	TP53	AMER1	2	0.558	3.58	0.1083	0.1338	True
APC	TP53	ATM	2	1.145	1.75	0.3176	0.341	True
APC	TP53	KMT2C	2	1.145	1.75	0.3176	0.341	True
APC	TP53	ACVR2A	2	0.323	6.19	0.0422	0.06618	True
APC	TP53	MAP2K4	2	0.558	3.58	0.1083	0.1338	True
APC	KRAS	SMAD4	2	1.609	1.24	0.4779	0.4973	True
APC	KRAS	NRAS	2	1.053	1.9	0.2838	0.3087	True
APC	KRAS	PTEN	2	0.497	4.02	0.08938	0.1149	True
APC	KRAS	CDC27	2	0.263	7.6	0.02913	0.0513	True
APC	PIK3CA	SOX9	2	0.346	5.78	0.04775	0.07232	True
APC	PIK3CA	RNF43	2	0.329	6.08	0.04358	0.06785	True
APC	FBXW7	SMAD4	2	0.335	5.97	0.045	0.06927	True
APC	FBXW7	TCF7L2	2	0.164	12.16	0.01212	0.02929	True
APC	FBXW7	SOX9	2	0.122	16.42	0.00684	0.01978	True
APC	FBXW7	ARID1A	2	0.104	19.32	0.005002	0.01574	True
APC	FBXW7	ERBB2	2	0.116	17.29	0.006198	0.01868	True
APC	FBXW7	PTEN	2	0.104	19.32	0.005002	0.01574	True
APC	FBXW7	ACVR2A	2	0.067	29.86	0.002146	0.008051	True
APC	FBXW7	B2M	2	0.03	65.69	0.0004542	0.002495	True
APC	FBXW7	CASP8	2	0.055	36.49	0.001448	0.006046	True
APC	FBXW7	AXIN2	2	0.079	25.27	0.002973	0.01043	True
APC	SMAD4	BRAF	2	0.401	4.99	0.06171	0.0862	True
APC	SMAD4	ATM	2	0.256	7.81	0.0277	0.0497	True
APC	SMAD4	KMT2C	2	0.256	7.81	0.0277	0.0497	True
APC	SMAD4	ERBB3	2	0.171	11.71	0.01302	0.03079	True
APC	SMAD4	ACVR2A	2	0.072	27.69	0.002487	0.009018	True
APC	SMAD4	MSH6	2	0.125	16.03	0.007165	0.02038	True
APC	SMAD4	MAP2K4	2	0.125	16.03	0.007165	0.02038	True
APC	TCF7L2	SMAD2	2	0.048	41.36	0.001132	0.004954	True
APC	TCF7L2	ERBB2	2	0.061	32.65	0.001801	0.007094	True
APC	TCF7L2	ERBB3	2	0.084	23.86	0.003322	0.01142	True
APC	NRAS	AMER1	2	0.082	24.49	0.003159	0.01094	True
APC	NRAS	ATM	2	0.168	11.93	0.01257	0.02993	True
APC	NRAS	CDC27	2	0.039	51.7	0.0007292	0.003596	True
APC	SMAD2	PTEN	2	0.03	65.69	0.0004542	0.002495	True
APC	SMAD2	RNF43	2	0.034	58.78	0.000566	0.002938	True
APC	SMAD2	MAP2K4	2	0.034	58.78	0.000566	0.002938	True
APC	SMAD2	CDC27	2	0.016	124.1	0.0001285	0.001004	True
APC	CTNNB1	ARID1A	2	0.063	31.79	0.001898	0.007419	True
APC	CTNNB1	ACVR2A	2	0.041	49.12	0.0008067	0.003904	True
APC	CTNNB1	B2M	2	0.019	108.1	0.0001691	0.001224	True
APC	CTNNB1	CASP8	2	0.033	60.04	0.0005427	0.002848	True
APC	BRAF	ARID1A	2	0.124	16.15	0.007061	0.02017	True
APC	BRAF	ERBB2	2	0.138	14.45	0.008735	0.02353	True
APC	BRAF	PTEN	2	0.124	16.15	0.007061	0.02017	True
APC	BRAF	ACVR2A	2	0.08	24.96	0.003043	0.01063	True
APC	BRAF	PCBP1	2	0.182	10.98	0.0147	0.03332	True
APC	BRAF	MAP2K4	2	0.138	14.45	0.008735	0.02353	True
APC	BRAF	CDC27	2	0.066	30.51	0.002057	0.007828	True
APC	SOX9	ATM	2	0.093	21.48	0.004076	0.01348	True
APC	SOX9	POLE	2	0.072	27.92	0.002447	0.008984	True
APC	ARID1A	KMT2C	2	0.079	25.27	0.002973	0.01043	True
APC	ARID1A	PTEN	2	0.035	57.96	0.0005818	0.003015	True
APC	ARID1A	GNAS	2	0.028	70.38	0.0003962	0.002253	True
APC	ARID1A	MSH6	2	0.039	51.86	0.0007248	0.003594	True
APC	AMER1	KMT2D	2	0.102	19.59	0.004869	0.01544	True
APC	AMER1	ERBB3	2	0.059	33.91	0.001673	0.006706	True
APC	AMER1	ACVR2A	2	0.025	80.15	0.0003062	0.001878	True
APC	AMER1	RNF43	2	0.043	46.4	0.0009026	0.004185	True
APC	AMER1	B2M	2	0.011	176.3	6.384e-05	0.0006039	True
APC	AMER1	CASP8	2	0.02	97.96	0.0002056	0.001391	True
APC	AMER1	AXIN2	2	0.029	67.82	0.0004264	0.002374	True
APC	AMER1	MAP2K4	2	0.043	46.4	0.0009026	0.004185	True
APC	ATM	ERBB2	2	0.088	22.61	0.00369	0.01243	True
APC	ATM	ACVR2A	2	0.051	39.05	0.001268	0.005434	True
APC	ATM	RNF43	2	0.088	22.61	0.00369	0.01243	True
APC	ATM	B2M	2	0.023	85.9	0.0002669	0.001688	True
APC	ATM	CASP8	2	0.042	47.72	0.000854	0.004033	True
APC	ATM	MAP2K4	2	0.088	22.61	0.00369	0.01243	True
APC	KMT2C	GNAS	2	0.065	30.68	0.002035	0.007775	True
APC	KMT2C	AXIN2	2	0.061	33.04	0.00176	0.006951	True
APC	KMT2D	CASP8	2	0.048	41.36	0.001132	0.004954	True
APC	KMT2D	AXIN2	2	0.07	28.63	0.002329	0.008627	True
APC	KMT2D	MAP2K4	2	0.102	19.59	0.004869	0.01544	True
APC	ERBB2	ERBB3	2	0.059	33.91	0.001673	0.006706	True
APC	ERBB2	PTEN	2	0.039	51.86	0.0007248	0.003594	True
APC	ERBB2	RNF43	2	0.043	46.4	0.0009026	0.004185	True
APC	ERBB2	MSH6	2	0.043	46.4	0.0009026	0.004185	True
APC	ERBB2	MAP2K4	2	0.043	46.4	0.0009026	0.004185	True
APC	ERBB2	CDC27	2	0.02	97.96	0.0002056	0.001391	True
APC	ERBB3	PTEN	2	0.053	37.9	0.001344	0.005654	True
APC	ERBB3	GNAS	2	0.043	46.02	0.0009175	0.004223	True
APC	ERBB3	RNF43	2	0.059	33.91	0.001673	0.006706	True
APC	ERBB3	CDC27	2	0.028	71.59	0.0003831	0.002236	True
APC	PTEN	RNF43	2	0.039	51.86	0.0007248	0.003594	True
APC	PTEN	PCBP1	2	0.051	39.41	0.001245	0.00535	True
APC	PTEN	AXIN2	2	0.026	75.8	0.0003421	0.002038	True
APC	ACVR2A	MSH6	2	0.025	80.15	0.0003062	0.001878	True
APC	GNAS	POLE	2	0.05	39.88	0.001216	0.005235	True
APC	RNF43	AXIN2	2	0.029	67.82	0.0004264	0.002374	True
APC	B2M	POLE	2	0.018	111.7	0.0001585	0.001169	True
APC	B2M	CDC27	2	0.005	372.2	1.438e-05	0.0001955	True
APC	POLE	PCBP1	2	0.09	22.33	0.003778	0.01268	True
APC	MSH6	PCBP1	2	0.057	35.27	0.001549	0.006376	True
APC	MSH6	AXIN2	2	0.029	67.82	0.0004264	0.002374	True
APC	MSH6	MAP2K4	2	0.043	46.4	0.0009026	0.004185	True
APC	PCBP1	MAP2K4	2	0.057	35.27	0.001549	0.006376	True
APC	AXIN2	MAP2K4	2	0.029	67.82	0.0004264	0.002374	True
APC	AXIN2	CDC27	2	0.014	143.2	9.667e-05	0.0008289	True
TP53	KRAS	AMER1	2	3.335	0.6	0.8456	0.8508	True
TP53	KRAS	KMT2C	2	6.845	0.29	0.9916	0.9927	True
TP53	KRAS	ACVR2A	2	1.931	1.04	0.5749	0.5896	True
TP53	KRAS	RNF43	2	3.335	0.6	0.8456	0.8508	True
TP53	KRAS	AXIN2	2	2.282	0.88	0.6649	0.6755	True
TP53	PIK3CA	TCF7L2	2	2.805	0.71	0.7697	0.7774	True
TP53	PIK3CA	ARID1A	2	1.766	1.13	0.5269	0.5418	True
TP53	PIK3CA	GNAS	2	1.454	1.38	0.4267	0.4468	True
TP53	PIK3CA	MSH6	2	1.974	1.01	0.5868	0.6004	True
TP53	FBXW7	CTNNB1	2	1.133	1.77	0.3129	0.3371	True
TP53	FBXW7	BRAF	2	2.229	0.9	0.6524	0.6639	True
TP53	FBXW7	KMT2D	2	1.644	1.22	0.4892	0.5072	True
TP53	FBXW7	ERBB3	2	0.95	2.11	0.2458	0.271	True
TP53	FBXW7	GNAS	2	0.511	3.91	0.09371	0.1195	True
TP53	SMAD4	MAP2K4	2	0.749	2.67	0.1729	0.1991	True
TP53	TCF7L2	CTNNB1	2	0.6	3.34	0.1218	0.147	True
TP53	TCF7L2	ATM	2	0.754	2.65	0.1749	0.2013	True
TP53	TCF7L2	KMT2D	2	0.87	2.3	0.2167	0.2424	True
TP53	TCF7L2	ERBB2	2	0.367	5.44	0.05306	0.07723	True
TP53	TCF7L2	PTEN	2	0.329	6.08	0.04355	0.06785	True
TP53	TCF7L2	POLE	2	0.58	3.45	0.1154	0.1404	True
TP53	SMAD2	POLE	2	0.322	6.2	0.04203	0.06606	True
TP53	CTNNB1	BRAF	2	1.355	1.48	0.3924	0.4138	True
TP53	BRAF	AMER1	2	0.83	2.41	0.2021	0.2285	True
TP53	BRAF	ATM	2	1.704	1.17	0.5081	0.525	True
TP53	BRAF	KMT2D	2	1.966	1.02	0.5848	0.5986	True
TP53	BRAF	ACVR2A	2	0.481	4.16	0.0844	0.1099	True
TP53	BRAF	POLE	2	1.311	1.53	0.3771	0.3999	True
TP53	BRAF	MAP2K4	2	0.83	2.41	0.2021	0.2285	True
TP53	ARID1A	POLE	2	0.365	5.47	0.05251	0.0766	True
TP53	ARID1A	AXIN2	2	0.158	12.63	0.01128	0.02786	True
TP53	AMER1	ATM	2	0.531	3.77	0.09969	0.1254	True
TP53	AMER1	MSH6	2	0.259	7.73	0.0282	0.05019	True
TP53	ATM	PTEN	2	0.475	4.21	0.08271	0.1084	True
TP53	ATM	POLE	2	0.838	2.39	0.205	0.2313	True
TP53	ATM	MSH6	2	0.531	3.77	0.09969	0.1254	True
TP53	KMT2C	ERBB2	2	0.531	3.77	0.09969	0.1254	True
TP53	KMT2C	POLE	2	0.838	2.39	0.205	0.2313	True
TP53	KMT2C	MSH6	2	0.531	3.77	0.09969	0.1254	True
TP53	KMT2D	PTEN	2	0.548	3.65	0.1051	0.1306	True
TP53	KMT2D	ACVR2A	2	0.355	5.64	0.04981	0.07436	True
TP53	KMT2D	GNAS	2	0.451	4.43	0.07582	0.1014	True
TP53	KMT2D	MAP2K4	2	0.612	3.27	0.126	0.1512	True
TP53	ERBB3	PTEN	2	0.317	6.32	0.0407	0.06491	True
TP53	ERBB3	ACVR2A	2	0.205	9.76	0.01833	0.03855	True
TP53	ERBB3	GNAS	2	0.261	7.67	0.02863	0.05068	True
TP53	ERBB3	RNF43	2	0.354	5.65	0.04963	0.07413	True
TP53	ERBB3	MSH6	2	0.354	5.65	0.04963	0.07413	True
TP53	ERBB3	MAP2K4	2	0.354	5.65	0.04963	0.07413	True
TP53	PTEN	MSH6	2	0.231	8.64	0.02298	0.04481	True
TP53	PTEN	MAP2K4	2	0.231	8.64	0.02298	0.04481	True
TP53	ACVR2A	MSH6	2	0.15	13.36	0.01015	0.02624	True
TP53	GNAS	POLE	2	0.301	6.65	0.03713	0.06095	True
TP53	POLE	MAP2K4	2	0.408	4.9	0.0638	0.08851	True
TP53	MSH6	MAP2K4	2	0.259	7.73	0.0282	0.05019	True
TP53	PCBP1	MAP2K4	2	0.34	5.88	0.04629	0.07081	True
KRAS	PIK3CA	NRAS	2	3.724	0.54	0.886	0.89	True
KRAS	PIK3CA	ARID1A	2	1.759	1.14	0.5248	0.5405	True
KRAS	PIK3CA	AXIN2	2	1.345	1.49	0.389	0.4105	True
KRAS	PIK3CA	MAP2K4	2	1.966	1.02	0.5846	0.5985	True
KRAS	FBXW7	SMAD4	2	2.001	1	0.5943	0.6079	True
KRAS	FBXW7	CTNNB1	2	1.128	1.77	0.3112	0.3354	True
KRAS	FBXW7	SOX9	2	0.728	2.75	0.1655	0.1918	True
KRAS	FBXW7	ERBB3	2	0.946	2.11	0.2444	0.2697	True
KRAS	FBXW7	GNAS	2	0.509	3.93	0.09307	0.1189	True
KRAS	SMAD4	TCF7L2	2	1.059	1.89	0.2861	0.3111	True
KRAS	SMAD4	SOX9	2	0.785	2.55	0.1858	0.2114	True
KRAS	SMAD4	RNF43	2	0.746	2.68	0.1718	0.1982	True
KRAS	SMAD4	POLE	2	1.177	1.7	0.3291	0.3528	True
KRAS	SMAD4	CASP8	2	0.353	5.66	0.04945	0.07409	True
KRAS	SMAD4	PCBP1	2	0.981	2.04	0.2573	0.2822	True
KRAS	SMAD4	AXIN2	2	0.51	3.92	0.09329	0.1191	True
KRAS	SMAD4	MAP2K4	2	0.746	2.68	0.1718	0.1982	True
KRAS	TCF7L2	ERBB2	2	0.366	5.46	0.05268	0.07676	True
KRAS	TCF7L2	ERBB3	2	0.501	3.99	0.09046	0.1161	True
KRAS	TCF7L2	PTEN	2	0.327	6.11	0.04323	0.06744	True
KRAS	NRAS	SMAD2	2	0.385	5.19	0.05765	0.0818	True
KRAS	NRAS	POLE	2	0.771	2.6	0.1807	0.2068	True
KRAS	SMAD2	ATM	2	0.417	4.79	0.06627	0.09103	True
KRAS	SMAD2	ERBB2	2	0.203	9.84	0.01807	0.03814	True
KRAS	SMAD2	MSH6	2	0.203	9.84	0.01807	0.03814	True
KRAS	CTNNB1	AMER1	2	0.42	4.76	0.06706	0.09198	True
KRAS	CTNNB1	PTEN	2	0.376	5.32	0.05523	0.07949	True
KRAS	CTNNB1	GNAS	2	0.31	6.46	0.0391	0.06334	True
KRAS	CTNNB1	B2M	2	0.111	18.09	0.005682	0.01741	True
KRAS	CTNNB1	POLE	2	0.664	3.01	0.1432	0.1687	True
KRAS	CTNNB1	MSH6	2	0.42	4.76	0.06706	0.09198	True
KRAS	CTNNB1	ELF3	2	0.066	30.14	0.002106	0.007952	True
KRAS	SOX9	TGFBR2	2	0.157	12.74	0.0111	0.02762	True
KRAS	SOX9	PCBP1	2	0.357	5.61	0.05034	0.07492	True
KRAS	ARID1A	AMER1	2	0.23	8.68	0.02281	0.04462	True
KRAS	ARID1A	KMT2D	2	0.546	3.66	0.1044	0.1299	True
KRAS	ARID1A	GNAS	2	0.17	11.78	0.01288	0.03051	True
KRAS	ARID1A	POLE	2	0.364	5.5	0.05213	0.07656	True
KRAS	AMER1	ATM	2	0.529	3.78	0.09902	0.1248	True
KRAS	AMER1	ERBB2	2	0.258	7.77	0.02799	0.04994	True
KRAS	AMER1	PTEN	2	0.23	8.68	0.02281	0.04462	True
KRAS	AMER1	RNF43	2	0.258	7.77	0.02799	0.04994	True
KRAS	AMER1	MSH6	2	0.258	7.77	0.02799	0.04994	True
KRAS	AMER1	CDC27	2	0.122	16.39	0.006864	0.01981	True
KRAS	ATM	PTEN	2	0.473	4.23	0.08214	0.1077	True
KRAS	KMT2C	PTEN	2	0.473	4.23	0.08214	0.1077	True
KRAS	KMT2C	GNAS	2	0.39	5.13	0.05877	0.08295	True
KRAS	KMT2C	RNF43	2	0.529	3.78	0.09902	0.1248	True
KRAS	KMT2D	PTEN	2	0.546	3.66	0.1044	0.1299	True
KRAS	KMT2D	RNF43	2	0.61	3.28	0.1252	0.1504	True
KRAS	KMT2D	B2M	2	0.161	12.46	0.01159	0.02836	True
KRAS	KMT2D	MSH6	2	0.61	3.28	0.1252	0.1504	True
KRAS	KMT2D	MAP2K4	2	0.61	3.28	0.1252	0.1504	True
KRAS	ERBB2	POLE	2	0.407	4.92	0.06335	0.08797	True
KRAS	ERBB3	POLE	2	0.557	3.59	0.1078	0.1334	True
KRAS	ERBB3	MAP2K4	2	0.352	5.67	0.04928	0.07402	True
KRAS	PTEN	POLE	2	0.364	5.5	0.05213	0.07656	True
KRAS	PTEN	MSH6	2	0.23	8.68	0.02281	0.04462	True
KRAS	RNF43	PCBP1	2	0.339	5.9	0.04596	0.07052	True
KRAS	RNF43	MAP2K4	2	0.258	7.77	0.02799	0.04994	True
KRAS	POLE	PCBP1	2	0.535	3.74	0.101	0.1268	True
KRAS	POLE	CDC27	2	0.193	10.38	0.01633	0.03579	True
PIK3CA	FBXW7	KMT2C	2	0.84	2.38	0.2056	0.2318	True
PIK3CA	FBXW7	ERBB3	2	0.56	3.57	0.1089	0.1342	True
PIK3CA	FBXW7	ACVR2A	2	0.237	8.44	0.024	0.04593	True
PIK3CA	FBXW7	GNAS	2	0.301	6.63	0.03727	0.06113	True
PIK3CA	FBXW7	B2M	2	0.108	18.57	0.005397	0.01671	True
PIK3CA	FBXW7	MSH6	2	0.409	4.89	0.06403	0.08878	True
PIK3CA	FBXW7	CDC27	2	0.194	10.32	0.01652	0.03604	True
PIK3CA	SMAD4	NRAS	2	0.836	2.39	0.2042	0.2306	True
PIK3CA	SMAD4	SOX9	2	0.464	4.31	0.07963	0.1053	True
PIK3CA	SMAD4	KMT2C	2	0.906	2.21	0.2296	0.2546	True
PIK3CA	SMAD4	ERBB2	2	0.441	4.53	0.07294	0.0988	True
PIK3CA	SMAD4	ERBB3	2	0.604	3.31	0.1232	0.1485	True
PIK3CA	SMAD4	PTEN	2	0.395	5.07	0.06016	0.08435	True
PIK3CA	SMAD4	ACVR2A	2	0.255	7.83	0.02757	0.04966	True
PIK3CA	SMAD4	B2M	2	0.116	17.22	0.006242	0.01869	True
PIK3CA	SMAD4	MSH6	2	0.441	4.53	0.07294	0.0988	True
PIK3CA	TCF7L2	CTNNB1	2	0.353	5.66	0.04952	0.07413	True
PIK3CA	TCF7L2	AXIN2	2	0.148	13.49	0.009956	0.02596	True
PIK3CA	NRAS	KMT2C	2	0.593	3.37	0.1196	0.1446	True
PIK3CA	NRAS	POLE	2	0.456	4.39	0.07718	0.1026	True
PIK3CA	SMAD2	ATM	2	0.247	8.1	0.02592	0.0479	True
PIK3CA	SMAD2	ERBB2	2	0.12	16.62	0.006686	0.01943	True
PIK3CA	SMAD2	PTEN	2	0.108	18.57	0.005397	0.01671	True
PIK3CA	SMAD2	MSH6	2	0.12	16.62	0.006686	0.01943	True
PIK3CA	CTNNB1	ARID1A	2	0.223	8.99	0.02138	0.04239	True
PIK3CA	CTNNB1	PTEN	2	0.223	8.99	0.02138	0.04239	True
PIK3CA	CTNNB1	GNAS	2	0.183	10.91	0.01487	0.03368	True
PIK3CA	CTNNB1	B2M	2	0.065	30.56	0.002051	0.007815	True
PIK3CA	CTNNB1	PCBP1	2	0.327	6.11	0.04318	0.06739	True
PIK3CA	CTNNB1	MAP2K4	2	0.249	8.04	0.02625	0.04831	True
PIK3CA	CTNNB1	CDC27	2	0.118	16.98	0.006418	0.01894	True
PIK3CA	BRAF	ERBB2	2	0.489	4.09	0.087	0.1126	True
PIK3CA	BRAF	ACVR2A	2	0.283	7.06	0.0333	0.05647	True
PIK3CA	BRAF	GNAS	2	0.361	5.55	0.05131	0.07594	True
PIK3CA	BRAF	AXIN2	2	0.335	5.97	0.04499	0.06927	True
PIK3CA	ARID1A	KMT2C	2	0.28	7.14	0.03259	0.05561	True
PIK3CA	ARID1A	ERBB3	2	0.187	10.72	0.01539	0.03437	True
PIK3CA	ARID1A	PTEN	2	0.122	16.39	0.006867	0.01981	True
PIK3CA	ARID1A	MSH6	2	0.136	14.66	0.008497	0.0231	True
PIK3CA	AMER1	ERBB3	2	0.209	9.59	0.01895	0.0394	True
PIK3CA	AMER1	PTEN	2	0.136	14.66	0.008497	0.0231	True
PIK3CA	AMER1	ACVR2A	2	0.088	22.66	0.003672	0.01241	True
PIK3CA	AMER1	CASP8	2	0.072	27.7	0.002485	0.009018	True
PIK3CA	ATM	RNF43	2	0.313	6.39	0.03984	0.06414	True
PIK3CA	ATM	CASP8	2	0.148	13.49	0.009956	0.02596	True
PIK3CA	KMT2C	PTEN	2	0.28	7.14	0.03259	0.05561	True
PIK3CA	KMT2C	ACVR2A	2	0.181	11.04	0.01455	0.03316	True
PIK3CA	KMT2C	CASP8	2	0.148	13.49	0.009956	0.02596	True
PIK3CA	KMT2C	ELF3	2	0.049	40.48	0.001181	0.005129	True
PIK3CA	KMT2C	MAP2K4	2	0.313	6.39	0.03984	0.06414	True
PIK3CA	KMT2C	CDC27	2	0.148	13.49	0.009956	0.02596	True
PIK3CA	KMT2D	ERBB3	2	0.494	4.05	0.0884	0.1141	True
PIK3CA	KMT2D	ACVR2A	2	0.209	9.57	0.01903	0.03944	True
PIK3CA	KMT2D	BMPR1A	2	0.133	15.04	0.008099	0.02242	True
PIK3CA	KMT2D	TGFBR2	2	0.209	9.57	0.01903	0.03944	True
PIK3CA	KMT2D	B2M	2	0.095	21.05	0.004237	0.01395	True
PIK3CA	KMT2D	CASP8	2	0.171	11.7	0.01306	0.03081	True
PIK3CA	KMT2D	ELF3	2	0.057	35.09	0.001564	0.006422	True
PIK3CA	ERBB2	ERBB3	2	0.209	9.59	0.01895	0.0394	True
PIK3CA	ERBB2	POLE	2	0.241	8.31	0.02471	0.04669	True
PIK3CA	ERBB2	MAP2K4	2	0.152	13.12	0.0105	0.0267	True
PIK3CA	ERBB3	PTEN	2	0.187	10.72	0.01539	0.03437	True
PIK3CA	ERBB3	MSH6	2	0.209	9.59	0.01895	0.0394	True
PIK3CA	ERBB3	CDC27	2	0.099	20.24	0.004571	0.01477	True
PIK3CA	PTEN	PCBP1	2	0.179	11.14	0.0143	0.03268	True
PIK3CA	PTEN	MAP2K4	2	0.136	14.66	0.008497	0.0231	True
PIK3CA	PTEN	CDC27	2	0.065	30.96	0.001999	0.007689	True
PIK3CA	ACVR2A	MSH6	2	0.088	22.66	0.003672	0.01241	True
PIK3CA	ACVR2A	MAP2K4	2	0.088	22.66	0.003672	0.01241	True
PIK3CA	BMPR1A	POLE	2	0.089	22.55	0.003707	0.01247	True
PIK3CA	RNF43	PCBP1	2	0.201	9.97	0.01762	0.03768	True
PIK3CA	RNF43	CDC27	2	0.072	27.7	0.002485	0.009018	True
PIK3CA	B2M	POLE	2	0.063	31.58	0.001923	0.007505	True
PIK3CA	B2M	CASP8	2	0.019	105.3	0.0001783	0.001277	True
PIK3CA	MSH6	CDC27	2	0.072	27.7	0.002485	0.009018	True
PIK3CA	MAP2K4	CDC27	2	0.072	27.7	0.002485	0.009018	True
FBXW7	SMAD4	CTNNB1	2	0.253	7.9	0.02713	0.0491	True
FBXW7	SMAD4	ARID1A	2	0.139	14.4	0.008794	0.02367	True
FBXW7	SMAD4	AMER1	2	0.155	12.89	0.01087	0.02724	True
FBXW7	SMAD4	ATM	2	0.319	6.28	0.04115	0.06541	True
FBXW7	SMAD4	KMT2C	2	0.319	6.28	0.04115	0.06541	True
FBXW7	SMAD4	B2M	2	0.041	48.97	0.0008117	0.003906	True
FBXW7	SMAD4	CASP8	2	0.074	27.21	0.002573	0.009264	True
FBXW7	SMAD4	CDC27	2	0.074	27.21	0.002573	0.009264	True
FBXW7	TCF7L2	ATM	2	0.156	12.79	0.01103	0.02754	True
FBXW7	NRAS	CTNNB1	2	0.166	12.07	0.01231	0.02957	True
FBXW7	SMAD2	PTEN	2	0.038	52.81	0.0006993	0.003494	True
FBXW7	CTNNB1	KMT2C	2	0.18	11.14	0.01431	0.03269	True
FBXW7	CTNNB1	MSH6	2	0.087	22.86	0.00361	0.01227	True
FBXW7	CTNNB1	CDC27	2	0.041	48.27	0.0008351	0.003974	True
FBXW7	BRAF	ARID1A	2	0.154	12.99	0.01071	0.02699	True
FBXW7	BRAF	KMT2D	2	0.408	4.91	0.06362	0.0883	True
FBXW7	BRAF	ERBB3	2	0.236	8.49	0.02375	0.04555	True
FBXW7	BRAF	AXIN2	2	0.118	16.98	0.006414	0.01894	True
FBXW7	BRAF	CDC27	2	0.082	24.53	0.003149	0.01093	True
FBXW7	SOX9	TGFBR2	2	0.033	61.21	0.0005223	0.002766	True
FBXW7	ARID1A	AMER1	2	0.048	41.69	0.001114	0.004899	True
FBXW7	ARID1A	ATM	2	0.098	20.31	0.004541	0.01468	True
FBXW7	ARID1A	POLE	2	0.076	26.4	0.002728	0.009723	True
FBXW7	ARID1A	CDC27	2	0.023	88.02	0.0002543	0.001619	True
FBXW7	AMER1	PTEN	2	0.048	41.69	0.001114	0.004899	True
FBXW7	AMER1	ACVR2A	2	0.031	64.43	0.0004719	0.002578	True
FBXW7	AMER1	B2M	2	0.014	141.8	9.860e-05	0.0008354	True
FBXW7	AMER1	CASP8	2	0.025	78.75	0.0003171	0.001903	True
FBXW7	AMER1	AXIN2	2	0.037	54.52	0.0006566	0.003321	True
FBXW7	ATM	PTEN	2	0.098	20.31	0.004541	0.01468	True
FBXW7	ATM	ACVR2A	2	0.064	31.39	0.001946	0.007572	True
FBXW7	ATM	B2M	2	0.029	69.06	0.0004114	0.002326	True
FBXW7	ATM	AXIN2	2	0.075	26.56	0.002697	0.009647	True
FBXW7	KMT2C	KMT2D	2	0.261	7.67	0.0286	0.05067	True
FBXW7	KMT2C	ERBB2	2	0.11	18.17	0.005629	0.01728	True
FBXW7	KMT2C	CASP8	2	0.052	38.37	0.001312	0.005544	True
FBXW7	KMT2C	AXIN2	2	0.075	26.56	0.002697	0.009647	True
FBXW7	KMT2C	MAP2K4	2	0.11	18.17	0.005629	0.01728	True
FBXW7	KMT2C	CDC27	2	0.052	38.37	0.001312	0.005544	True
FBXW7	KMT2D	B2M	2	0.033	59.85	0.000546	0.00286	True
FBXW7	KMT2D	POLE	2	0.2	9.98	0.0176	0.03768	True
FBXW7	KMT2D	CASP8	2	0.06	33.25	0.001738	0.006903	True
FBXW7	PTEN	POLE	2	0.076	26.4	0.002728	0.009723	True
FBXW7	PTEN	CDC27	2	0.023	88.02	0.0002543	0.001619	True
FBXW7	ACVR2A	POLE	2	0.049	40.81	0.001162	0.005064	True
FBXW7	GNAS	POLE	2	0.062	32.06	0.001866	0.007303	True
FBXW7	RNF43	POLE	2	0.085	23.63	0.003387	0.01158	True
FBXW7	RNF43	PCBP1	2	0.071	28.35	0.002374	0.008774	True
FBXW7	B2M	CASP8	2	0.007	299.3	2.223e-05	0.0002708	True
FBXW7	B2M	CDC27	2	0.007	299.3	2.223e-05	0.0002708	True
FBXW7	POLE	PCBP1	2	0.111	17.96	0.005762	0.01757	True
FBXW7	POLE	AXIN2	2	0.058	34.53	0.001614	0.006544	True
FBXW7	MSH6	CASP8	2	0.025	78.75	0.0003171	0.001903	True
FBXW7	MSH6	AXIN2	2	0.037	54.52	0.0006566	0.003321	True
FBXW7	MSH6	CDC27	2	0.025	78.75	0.0003171	0.001903	True
SMAD4	CTNNB1	BRAF	2	0.303	6.6	0.03758	0.06157	True
SMAD4	CTNNB1	KMT2C	2	0.194	10.33	0.01649	0.03603	True
SMAD4	CTNNB1	B2M	2	0.025	80.56	0.0003031	0.001877	True
SMAD4	CTNNB1	MSH6	2	0.094	21.2	0.00418	0.01378	True
SMAD4	CTNNB1	CASP8	2	0.045	44.76	0.0009692	0.004406	True
SMAD4	CTNNB1	PCBP1	2	0.124	16.11	0.007095	0.02025	True
SMAD4	BRAF	ATM	2	0.381	5.25	0.05654	0.08058	True
SMAD4	BRAF	KMT2C	2	0.381	5.25	0.05654	0.08058	True
SMAD4	BRAF	ACVR2A	2	0.107	18.61	0.005377	0.01669	True
SMAD4	SOX9	ATM	2	0.125	16.01	0.007183	0.02038	True
SMAD4	ARID1A	AMER1	2	0.052	38.66	0.001293	0.005509	True
SMAD4	ARID1A	ATM	2	0.106	18.83	0.005254	0.01634	True
SMAD4	ARID1A	POLE	2	0.082	24.48	0.00316	0.01094	True
SMAD4	ARID1A	CDC27	2	0.025	81.62	0.0002954	0.001833	True
SMAD4	AMER1	ATM	2	0.119	16.85	0.00651	0.01905	True
SMAD4	ATM	KMT2C	2	0.244	8.21	0.02527	0.04716	True
SMAD4	ATM	POLE	2	0.187	10.67	0.01551	0.03456	True
SMAD4	ATM	MAP2K4	2	0.119	16.85	0.00651	0.01905	True
SMAD4	ATM	CDC27	2	0.056	35.58	0.001522	0.006285	True
SMAD4	KMT2C	POLE	2	0.187	10.67	0.01551	0.03456	True
SMAD4	KMT2C	MAP2K4	2	0.119	16.85	0.00651	0.01905	True
SMAD4	KMT2D	B2M	2	0.036	55.5	0.0006339	0.003268	True
SMAD4	KMT2D	MSH6	2	0.137	14.6	0.008563	0.02322	True
SMAD4	KMT2D	CASP8	2	0.065	30.83	0.002015	0.007709	True
SMAD4	KMT2D	PCBP1	2	0.18	11.1	0.01441	0.03285	True
SMAD4	ERBB2	MAP2K4	2	0.058	34.59	0.001608	0.006544	True
SMAD4	ERBB3	POLE	2	0.125	16.01	0.007183	0.02038	True
SMAD4	ERBB3	MAP2K4	2	0.079	25.28	0.00297	0.01043	True
SMAD4	ACVR2A	MSH6	2	0.033	59.75	0.0005479	0.002865	True
SMAD4	RNF43	POLE	2	0.091	21.91	0.003922	0.01306	True
SMAD4	RNF43	MAP2K4	2	0.058	34.59	0.001608	0.006544	True
SMAD4	B2M	POLE	2	0.024	83.25	0.000284	0.001781	True
SMAD4	B2M	CASP8	2	0.007	277.5	2.585e-05	0.0003059	True
SMAD4	POLE	CASP8	2	0.043	46.25	0.0009085	0.004189	True
SMAD4	POLE	PCBP1	2	0.12	16.65	0.006662	0.0194	True
SMAD4	POLE	MAP2K4	2	0.091	21.91	0.003922	0.01306	True
TCF7L2	SMAD2	AMER1	2	0.022	89.25	0.0002474	0.001589	True
TCF7L2	SMAD2	ATM	2	0.046	43.48	0.001026	0.004607	True
TCF7L2	SMAD2	POLE	2	0.035	56.53	0.0006114	0.003157	True
TCF7L2	SMAD2	MSH6	2	0.022	89.25	0.0002474	0.001589	True
TCF7L2	CTNNB1	AMER1	2	0.046	43.19	0.00104	0.004654	True
TCF7L2	CTNNB1	KMT2C	2	0.095	21.04	0.004242	0.01395	True
TCF7L2	BRAF	ATM	2	0.187	10.69	0.01546	0.03449	True
TCF7L2	BRAF	POLE	2	0.144	13.9	0.00941	0.02489	True
TCF7L2	ARID1A	AMER1	2	0.025	78.75	0.0003171	0.001903	True
TCF7L2	ARID1A	KMT2D	2	0.06	33.25	0.001738	0.006903	True
TCF7L2	ARID1A	PTEN	2	0.023	88.02	0.0002543	0.001619	True
TCF7L2	AMER1	PTEN	2	0.025	78.75	0.0003171	0.001903	True
TCF7L2	AMER1	MSH6	2	0.028	70.46	0.0003953	0.002253	True
TCF7L2	AMER1	CDC27	2	0.013	148.8	8.958e-05	0.0007863	True
TCF7L2	ATM	ERBB3	2	0.08	25.09	0.003014	0.01054	True
TCF7L2	KMT2C	ERBB2	2	0.058	34.33	0.001633	0.006583	True
TCF7L2	KMT2C	PTEN	2	0.052	38.37	0.001312	0.005544	True
TCF7L2	KMT2D	ERBB3	2	0.092	21.74	0.003981	0.01324	True
TCF7L2	KMT2D	PTEN	2	0.06	33.25	0.001738	0.006903	True
TCF7L2	KMT2D	AXIN2	2	0.046	43.48	0.001026	0.004607	True
TCF7L2	KMT2D	CDC27	2	0.032	62.81	0.0004964	0.002657	True
TCF7L2	PTEN	MSH6	2	0.025	78.75	0.0003171	0.001903	True
TCF7L2	PTEN	CDC27	2	0.012	166.2	7.178e-05	0.0006619	True
TCF7L2	POLE	AXIN2	2	0.031	65.22	0.0004606	0.002521	True
NRAS	SMAD2	POLE	2	0.047	42.39	0.001078	0.004798	True
NRAS	CTNNB1	ATM	2	0.127	15.78	0.007385	0.02081	True
NRAS	AMER1	POLE	2	0.06	33.47	0.001716	0.006864	True
NRAS	AMER1	CDC27	2	0.018	111.6	0.0001588	0.001169	True
NRAS	ATM	POLE	2	0.123	16.31	0.006935	0.01993	True
NRAS	POLE	CDC27	2	0.028	70.66	0.0003931	0.002253	True
SMAD2	AMER1	ATM	2	0.032	61.79	0.0005127	0.00273	True
SMAD2	AMER1	PTEN	2	0.014	141.8	9.860e-05	0.0008354	True
SMAD2	AMER1	RNF43	2	0.016	126.8	0.000123	0.0009667	True
SMAD2	AMER1	MSH6	2	0.016	126.8	0.000123	0.0009667	True
SMAD2	AMER1	MAP2K4	2	0.016	126.8	0.000123	0.0009667	True
SMAD2	AMER1	CDC27	2	0.007	267.8	2.776e-05	0.0003194	True
SMAD2	ATM	ERBB2	2	0.032	61.79	0.0005127	0.00273	True
SMAD2	ATM	PTEN	2	0.029	69.06	0.0004114	0.002326	True
SMAD2	KMT2C	ERBB2	2	0.032	61.79	0.0005127	0.00273	True
SMAD2	KMT2C	PTEN	2	0.029	69.06	0.0004114	0.002326	True
SMAD2	ERBB2	PTEN	2	0.014	141.8	9.860e-05	0.0008354	True
SMAD2	ERBB2	RNF43	2	0.016	126.8	0.000123	0.0009667	True
SMAD2	ERBB2	MSH6	2	0.016	126.8	0.000123	0.0009667	True
SMAD2	ERBB2	MAP2K4	2	0.016	126.8	0.000123	0.0009667	True
SMAD2	ERBB2	CDC27	2	0.007	267.8	2.776e-05	0.0003194	True
SMAD2	PTEN	POLE	2	0.022	89.78	0.0002445	0.001589	True
SMAD2	PTEN	MSH6	2	0.014	141.8	9.860e-05	0.0008354	True
SMAD2	RNF43	POLE	2	0.025	80.33	0.0003049	0.001878	True
SMAD2	RNF43	MAP2K4	2	0.016	126.8	0.000123	0.0009667	True
SMAD2	RNF43	CDC27	2	0.007	267.8	2.776e-05	0.0003194	True
SMAD2	POLE	MAP2K4	2	0.025	80.33	0.0003049	0.001878	True
SMAD2	POLE	CDC27	2	0.012	169.6	6.900e-05	0.0006383	True
SMAD2	MAP2K4	CDC27	2	0.007	267.8	2.776e-05	0.0003194	True
CTNNB1	BRAF	AMER1	2	0.105	19.12	0.005106	0.01596	True
CTNNB1	BRAF	KMT2C	2	0.215	9.31	0.02001	0.04073	True
CTNNB1	BRAF	ACVR2A	2	0.061	33.02	0.001762	0.006951	True
CTNNB1	BRAF	CASP8	2	0.05	40.35	0.001188	0.005153	True
CTNNB1	ARID1A	AMER1	2	0.029	68.59	0.0004169	0.002339	True
CTNNB1	ARID1A	ATM	2	0.06	33.42	0.001721	0.006864	True
CTNNB1	ARID1A	KMT2C	2	0.06	33.42	0.001721	0.006864	True
CTNNB1	ARID1A	KMT2D	2	0.069	28.96	0.002278	0.008481	True
CTNNB1	ARID1A	POLE	2	0.046	43.44	0.001028	0.004608	True
CTNNB1	ARID1A	MSH6	2	0.029	68.59	0.0004169	0.002339	True
CTNNB1	ARID1A	CDC27	2	0.014	144.8	9.451e-05	0.0008173	True
CTNNB1	AMER1	KMT2D	2	0.077	25.91	0.00283	0.01	True
CTNNB1	AMER1	PTEN	2	0.029	68.59	0.0004169	0.002339	True
CTNNB1	AMER1	B2M	2	0.009	233.2	3.657e-05	0.0003819	True
CTNNB1	AMER1	CASP8	2	0.015	129.6	0.0001179	0.0009498	True
CTNNB1	ATM	PTEN	2	0.06	33.42	0.001721	0.006864	True
CTNNB1	ATM	ACVR2A	2	0.039	51.64	0.0007308	0.003596	True
CTNNB1	ATM	B2M	2	0.018	113.6	0.0001531	0.001154	True
CTNNB1	ATM	CASP8	2	0.032	63.12	0.0004915	0.002636	True
CTNNB1	KMT2C	ACVR2A	2	0.039	51.64	0.0007308	0.003596	True
CTNNB1	KMT2C	CASP8	2	0.032	63.12	0.0004915	0.002636	True
CTNNB1	KMT2C	CDC27	2	0.032	63.12	0.0004915	0.002636	True
CTNNB1	KMT2D	ACVR2A	2	0.045	44.76	0.0009692	0.004406	True
CTNNB1	KMT2D	GNAS	2	0.057	35.17	0.001557	0.006402	True
CTNNB1	KMT2D	CASP8	2	0.037	54.7	0.0006523	0.003321	True
CTNNB1	KMT2D	PCBP1	2	0.102	19.69	0.004821	0.01532	True
CTNNB1	KMT2D	MAP2K4	2	0.077	25.91	0.00283	0.01	True
CTNNB1	KMT2D	CDC27	2	0.037	54.7	0.0006523	0.003321	True
CTNNB1	PTEN	B2M	2	0.008	260.6	2.929e-05	0.0003318	True
CTNNB1	PTEN	MSH6	2	0.029	68.59	0.0004169	0.002339	True
CTNNB1	PTEN	CDC27	2	0.014	144.8	9.451e-05	0.0008173	True
CTNNB1	ACVR2A	MSH6	2	0.019	106	0.0001758	0.001265	True
CTNNB1	ACVR2A	MAP2K4	2	0.019	106	0.0001758	0.001265	True
CTNNB1	GNAS	POLE	2	0.038	52.75	0.0007009	0.003496	True
CTNNB1	B2M	CASP8	2	0.004	492.3	8.229e-06	0.0001293	True
CTNNB1	B2M	CDC27	2	0.004	492.3	8.229e-06	0.0001293	True
CTNNB1	POLE	PCBP1	2	0.068	29.54	0.002191	0.008211	True
CTNNB1	POLE	MAP2K4	2	0.051	38.87	0.001279	0.005475	True
CTNNB1	MSH6	CASP8	2	0.015	129.6	0.0001179	0.0009498	True
CTNNB1	MSH6	CDC27	2	0.015	129.6	0.0001179	0.0009498	True
BRAF	ARID1A	ATM	2	0.118	16.98	0.006414	0.01894	True
BRAF	ARID1A	KMT2C	2	0.118	16.98	0.006414	0.01894	False
BRAF	ARID1A	KMT2D	2	0.136	14.72	0.008438	0.02303	False
BRAF	AMER1	ERBB2	2	0.064	31.19	0.00197	0.007628	True
BRAF	AMER1	CASP8	2	0.03	65.84	0.0004521	0.002493	False
BRAF	AMER1	AXIN2	2	0.044	45.58	0.0009349	0.00427	False
BRAF	AMER1	CDC27	2	0.03	65.84	0.0004521	0.002493	True
BRAF	ATM	PTEN	2	0.118	16.98	0.006414	0.01894	True
BRAF	ATM	ACVR2A	2	0.076	26.24	0.00276	0.009828	True
BRAF	ATM	RNF43	2	0.132	15.19	0.007939	0.02208	True
BRAF	ATM	AXIN2	2	0.09	22.21	0.00382	0.01278	True
BRAF	ATM	CDC27	2	0.062	32.08	0.001865	0.007303	True
BRAF	KMT2C	PTEN	2	0.118	16.98	0.006414	0.01894	True
BRAF	KMT2C	CASP8	2	0.062	32.08	0.001865	0.007303	False
BRAF	KMT2C	AXIN2	2	0.09	22.21	0.00382	0.01278	False
BRAF	KMT2C	MAP2K4	2	0.132	15.19	0.007939	0.02208	True
BRAF	KMT2C	CDC27	2	0.062	32.08	0.001865	0.007303	True
BRAF	KMT2D	PTEN	2	0.136	14.72	0.008438	0.02303	True
BRAF	KMT2D	CASP8	2	0.072	27.8	0.002467	0.009018	False
BRAF	KMT2D	MAP2K4	2	0.152	13.17	0.01043	0.02665	True
BRAF	ERBB2	MAP2K4	2	0.064	31.19	0.00197	0.007628	True
BRAF	ERBB3	MSH6	2	0.088	22.79	0.003632	0.01233	True
BRAF	ERBB3	CASP8	2	0.042	48.11	0.0008403	0.003981	True
BRAF	PTEN	POLE	2	0.091	22.08	0.003864	0.0129	True
BRAF	PTEN	MSH6	2	0.057	34.86	0.001584	0.006486	True
BRAF	PTEN	PCBP1	2	0.075	26.49	0.00271	0.009685	True
BRAF	PTEN	MAP2K4	2	0.057	34.86	0.001584	0.006486	True
BRAF	RNF43	MSH6	2	0.064	31.19	0.00197	0.007628	False
BRAF	RNF43	AXIN2	2	0.044	45.58	0.0009349	0.00427	False
BRAF	RNF43	MAP2K4	2	0.064	31.19	0.00197	0.007628	True
BRAF	RNF43	CDC27	2	0.03	65.84	0.0004521	0.002493	True
BRAF	POLE	CASP8	2	0.048	41.7	0.001114	0.004899	True
BRAF	POLE	PCBP1	2	0.133	15.01	0.008125	0.02247	True
BRAF	POLE	AXIN2	2	0.069	28.87	0.002292	0.008523	True
BRAF	POLE	MAP2K4	2	0.101	19.75	0.004793	0.01524	True
BRAF	POLE	CDC27	2	0.048	41.7	0.001114	0.004899	True
BRAF	MSH6	PCBP1	2	0.084	23.7	0.003366	0.01153	True
BRAF	MSH6	AXIN2	2	0.044	45.58	0.0009349	0.00427	False
BRAF	MSH6	CDC27	2	0.03	65.84	0.0004521	0.002493	True
BRAF	PCBP1	MAP2K4	2	0.084	23.7	0.003366	0.01153	True
BRAF	AXIN2	CDC27	2	0.021	96.23	0.000213	0.001427	True
ARID1A	AMER1	KMT2C	2	0.037	54.52	0.0006566	0.003321	False
ARID1A	AMER1	KMT2D	2	0.042	47.25	0.0008709	0.00408	False
ARID1A	AMER1	MSH6	2	0.018	111.9	0.0001578	0.001168	False
ARID1A	ATM	MSH6	2	0.037	54.52	0.0006566	0.003321	True
ARID1A	KMT2C	PTEN	2	0.033	60.93	0.000527	0.002776	True
ARID1A	KMT2C	POLE	2	0.058	34.53	0.001614	0.006544	True
ARID1A	KMT2C	MSH6	2	0.037	54.52	0.0006566	0.003321	False
ARID1A	KMT2C	CDC27	2	0.017	115.1	0.0001492	0.001127	True
ARID1A	KMT2D	GNAS	2	0.031	64.13	0.0004764	0.002598	False
ARID1A	KMT2D	MSH6	2	0.042	47.25	0.0008709	0.00408	False
ARID1A	ERBB3	RNF43	2	0.024	81.78	0.0002942	0.001833	True
ARID1A	ERBB3	POLE	2	0.039	51.79	0.0007266	0.003594	True
ARID1A	PTEN	POLE	2	0.025	79.21	0.0003134	0.001903	True
ARID1A	PTEN	CDC27	2	0.008	264.1	2.854e-05	0.0003259	True
ARID1A	GNAS	POLE	2	0.021	96.19	0.0002132	0.001427	True
ARID1A	POLE	MSH6	2	0.028	70.88	0.0003907	0.002248	True
ARID1A	MSH6	CDC27	2	0.008	236.2	3.563e-05	0.000376	True
AMER1	ATM	KMT2D	2	0.097	20.6	0.00442	0.01442	True
AMER1	ATM	ERBB2	2	0.041	48.78	0.0008178	0.003906	True
AMER1	ATM	ACVR2A	2	0.024	84.26	0.0002773	0.001743	True
AMER1	ATM	B2M	2	0.011	185.4	5.779e-05	0.0005502	True
AMER1	ATM	CASP8	2	0.019	103	0.0001862	0.001308	True
AMER1	ATM	AXIN2	2	0.028	71.3	0.0003862	0.002236	True
AMER1	ATM	MAP2K4	2	0.041	48.78	0.0008178	0.003906	True
AMER1	KMT2C	KMT2D	2	0.097	20.6	0.00442	0.01442	False
AMER1	KMT2C	ERBB2	2	0.041	48.78	0.0008178	0.003906	True
AMER1	KMT2C	CASP8	2	0.019	103	0.0001862	0.001308	False
AMER1	KMT2C	AXIN2	2	0.028	71.3	0.0003862	0.002236	False
AMER1	KMT2D	POLE	2	0.075	26.78	0.002655	0.009521	True
AMER1	KMT2D	MSH6	2	0.047	42.28	0.001084	0.004809	False
AMER1	KMT2D	CDC27	2	0.022	89.25	0.0002474	0.001589	True
AMER1	ERBB2	ERBB3	2	0.027	73.17	0.0003668	0.002166	True
AMER1	ERBB2	PTEN	2	0.018	111.9	0.0001578	0.001168	True
AMER1	ERBB2	RNF43	2	0.02	100.1	0.0001968	0.001354	True
AMER1	ERBB2	MSH6	2	0.02	100.1	0.0001968	0.001354	True
AMER1	ERBB2	MAP2K4	2	0.02	100.1	0.0001968	0.001354	True
AMER1	ERBB2	CDC27	2	0.009	211.4	4.448e-05	0.0004407	True
AMER1	ACVR2A	POLE	2	0.018	109.5	0.0001647	0.001199	True
AMER1	RNF43	POLE	2	0.032	63.42	0.000487	0.002626	True
AMER1	RNF43	MAP2K4	2	0.02	100.1	0.0001968	0.001354	True
AMER1	RNF43	CDC27	2	0.009	211.4	4.448e-05	0.0004407	True
AMER1	B2M	POLE	2	0.008	241	3.425e-05	0.0003681	True
AMER1	B2M	CDC27	2	0.002	803.3	3.095e-06	6.153e-05	True
AMER1	POLE	CASP8	2	0.015	133.9	0.0001105	0.0009097	True
AMER1	POLE	AXIN2	2	0.022	92.68	0.0002295	0.001511	True
AMER1	POLE	MAP2K4	2	0.032	63.42	0.000487	0.002626	True
AMER1	MSH6	CASP8	2	0.009	211.4	4.448e-05	0.0004407	False
AMER1	MSH6	AXIN2	2	0.014	146.3	9.254e-05	0.0008074	False
AMER1	MSH6	MAP2K4	2	0.02	100.1	0.0001968	0.001354	True
AMER1	MAP2K4	CDC27	2	0.009	211.4	4.448e-05	0.0004407	True
ATM	KMT2C	ERBB2	2	0.084	23.77	0.003349	0.0115	True
ATM	KMT2C	ACVR2A	2	0.049	41.05	0.001149	0.005013	True
ATM	KMT2C	CASP8	2	0.04	50.17	0.0007737	0.003763	True
ATM	KMT2C	AXIN2	2	0.058	34.73	0.001595	0.006523	True
ATM	KMT2D	ERBB3	2	0.133	15.05	0.008084	0.02242	True
ATM	KMT2D	ACVR2A	2	0.056	35.58	0.001522	0.006285	True
ATM	KMT2D	TGFBR2	2	0.056	35.58	0.001522	0.006285	True
ATM	KMT2D	RNF43	2	0.097	20.6	0.00442	0.01442	True
ATM	ERBB2	PTEN	2	0.037	54.52	0.0006566	0.003321	True
ATM	ERBB2	POLE	2	0.065	30.89	0.002007	0.007689	True
ATM	ERBB2	MSH6	2	0.041	48.78	0.0008178	0.003906	True
ATM	ERBB3	RNF43	2	0.056	35.65	0.001516	0.006285	True
ATM	ERBB3	MAP2K4	2	0.056	35.65	0.001516	0.006285	True
ATM	PTEN	RNF43	2	0.037	54.52	0.0006566	0.003321	True
ATM	PTEN	AXIN2	2	0.025	79.68	0.0003098	0.00189	True
ATM	PTEN	MAP2K4	2	0.037	54.52	0.0006566	0.003321	True
ATM	BMPR1A	MAP2K4	2	0.015	132.4	0.0001129	0.0009273	True
ATM	RNF43	POLE	2	0.065	30.89	0.002007	0.007689	True
ATM	RNF43	AXIN2	2	0.028	71.3	0.0003862	0.002236	True
ATM	RNF43	CDC27	2	0.019	103	0.0001862	0.001308	True
ATM	B2M	POLE	2	0.017	117.4	0.0001435	0.001095	True
ATM	B2M	CDC27	2	0.005	391.3	1.302e-05	0.0001834	True
ATM	POLE	CASP8	2	0.031	65.22	0.0004606	0.002521	True
ATM	MSH6	CASP8	2	0.019	103	0.0001862	0.001308	True
ATM	MSH6	AXIN2	2	0.028	71.3	0.0003862	0.002236	True
ATM	MSH6	MAP2K4	2	0.041	48.78	0.0008178	0.003906	True
ATM	AXIN2	MAP2K4	2	0.028	71.3	0.0003862	0.002236	True
ATM	AXIN2	CDC27	2	0.013	150.5	8.751e-05	0.0007704	True
ATM	MAP2K4	CDC27	2	0.019	103	0.0001862	0.001308	True
KMT2C	KMT2D	PTEN	2	0.087	23.02	0.003563	0.01214	True
KMT2C	KMT2D	CASP8	2	0.046	43.48	0.001026	0.004607	False
KMT2C	KMT2D	ELF3	2	0.015	130.4	0.0001163	0.0009473	False
KMT2C	KMT2D	CDC27	2	0.046	43.48	0.001026	0.004607	True
KMT2C	ERBB2	PTEN	2	0.037	54.52	0.0006566	0.003321	True
KMT2C	ERBB2	POLE	2	0.065	30.89	0.002007	0.007689	True
KMT2C	ERBB2	MSH6	2	0.041	48.78	0.0008178	0.003906	True
KMT2C	PTEN	CDC27	2	0.017	115.1	0.0001492	0.001127	True
KMT2C	ACVR2A	POLE	2	0.037	53.36	0.000685	0.003429	True
KMT2C	RNF43	POLE	2	0.065	30.89	0.002007	0.007689	True
KMT2C	POLE	AXIN2	2	0.044	45.15	0.0009524	0.004343	True
KMT2C	POLE	MAP2K4	2	0.065	30.89	0.002007	0.007689	True
KMT2C	MSH6	CASP8	2	0.019	103	0.0001862	0.001308	False
KMT2C	MSH6	AXIN2	2	0.028	71.3	0.0003862	0.002236	False
KMT2C	PCBP1	MAP2K4	2	0.054	37.07	0.001404	0.005887	True
KMT2D	ERBB3	PTEN	2	0.058	34.53	0.001614	0.006544	True
KMT2D	ERBB3	ACVR2A	2	0.037	53.36	0.000685	0.003429	True
KMT2D	ERBB3	GNAS	2	0.048	41.93	0.001102	0.004874	True
KMT2D	ERBB3	RNF43	2	0.065	30.89	0.002007	0.007689	True
KMT2D	PTEN	MSH6	2	0.042	47.25	0.0008709	0.00408	True
KMT2D	PTEN	MAP2K4	2	0.042	47.25	0.0008709	0.00408	True
KMT2D	PTEN	CDC27	2	0.02	99.75	0.0001983	0.001361	True
KMT2D	ACVR2A	POLE	2	0.043	46.25	0.0009085	0.004189	True
KMT2D	ACVR2A	MAP2K4	2	0.027	73.02	0.0003683	0.00217	True
KMT2D	RNF43	POLE	2	0.075	26.78	0.002655	0.009521	True
KMT2D	RNF43	CASP8	2	0.022	89.25	0.0002474	0.001589	False
KMT2D	RNF43	MAP2K4	2	0.047	42.28	0.001084	0.004809	True
KMT2D	B2M	POLE	2	0.02	101.8	0.0001907	0.001333	True
KMT2D	B2M	CASP8	2	0.006	339.2	1.732e-05	0.000224	False
KMT2D	POLE	AXIN2	2	0.051	39.13	0.001262	0.005418	True
KMT2D	MSH6	CASP8	2	0.022	89.25	0.0002474	0.001589	False
KMT2D	MSH6	CDC27	2	0.022	89.25	0.0002474	0.001589	True
ERBB2	PTEN	POLE	2	0.028	70.88	0.0003907	0.002248	True
ERBB2	PTEN	MSH6	2	0.018	111.9	0.0001578	0.001168	True
ERBB2	RNF43	POLE	2	0.032	63.42	0.000487	0.002626	True
ERBB2	RNF43	MAP2K4	2	0.02	100.1	0.0001968	0.001354	True
ERBB2	RNF43	CDC27	2	0.009	211.4	4.448e-05	0.0004407	True
ERBB2	POLE	MSH6	2	0.032	63.42	0.000487	0.002626	True
ERBB2	POLE	MAP2K4	2	0.032	63.42	0.000487	0.002626	True
ERBB2	POLE	CDC27	2	0.015	133.9	0.0001105	0.0009097	True
ERBB2	MAP2K4	CDC27	2	0.009	211.4	4.448e-05	0.0004407	True
ERBB3	PTEN	POLE	2	0.039	51.79	0.0007266	0.003594	True
ERBB3	PTEN	MAP2K4	2	0.024	81.78	0.0002942	0.001833	True
ERBB3	RNF43	POLE	2	0.043	46.34	0.0009049	0.004185	True
ERBB3	RNF43	CDC27	2	0.013	154.5	8.309e-05	0.0007405	True
ERBB3	POLE	MSH6	2	0.043	46.34	0.0009049	0.004185	True
ERBB3	POLE	CDC27	2	0.02	97.83	0.0002061	0.001391	True
ERBB3	MAP2K4	CDC27	2	0.013	154.5	8.309e-05	0.0007405	True
PTEN	RNF43	POLE	2	0.028	70.88	0.0003907	0.002248	True
PTEN	RNF43	AXIN2	2	0.012	163.6	7.415e-05	0.0006773	True
PTEN	RNF43	MAP2K4	2	0.018	111.9	0.0001578	0.001168	True
PTEN	RNF43	CDC27	2	0.008	236.2	3.563e-05	0.000376	True
PTEN	POLE	PCBP1	2	0.037	53.87	0.0006725	0.003377	True
PTEN	POLE	AXIN2	2	0.019	103.6	0.000184	0.001308	True
PTEN	MSH6	PCBP1	2	0.024	85.05	0.0002722	0.001715	True
PTEN	MSH6	MAP2K4	2	0.018	111.9	0.0001578	0.001168	True
PTEN	MSH6	CDC27	2	0.008	236.2	3.563e-05	0.000376	True
PTEN	PCBP1	MAP2K4	2	0.024	85.05	0.0002722	0.001715	True
PTEN	AXIN2	MAP2K4	2	0.012	163.6	7.415e-05	0.0006773	True
PTEN	AXIN2	CDC27	2	0.006	345.3	1.671e-05	0.0002171	True
PTEN	MAP2K4	CDC27	2	0.008	236.2	3.563e-05	0.000376	True
ACVR2A	POLE	MAP2K4	2	0.018	109.5	0.0001647	0.001199	True
RNF43	POLE	PCBP1	2	0.041	48.2	0.0008376	0.003974	True
RNF43	POLE	AXIN2	2	0.022	92.68	0.0002295	0.001511	True
RNF43	AXIN2	MAP2K4	2	0.014	146.3	9.254e-05	0.0008074	True
B2M	POLE	CASP8	2	0.004	508.7	7.707e-06	0.0001259	True
B2M	POLE	CDC27	2	0.004	508.7	7.707e-06	0.0001259	True
POLE	MSH6	CASP8	2	0.015	133.9	0.0001105	0.0009097	True
POLE	MSH6	PCBP1	2	0.041	48.2	0.0008376	0.003974	True
POLE	MSH6	AXIN2	2	0.022	92.68	0.0002295	0.001511	True
POLE	MSH6	MAP2K4	2	0.032	63.42	0.000487	0.002626	True
POLE	PCBP1	AXIN2	2	0.028	70.44	0.0003955	0.002253	True
POLE	PCBP1	MAP2K4	2	0.041	48.2	0.0008376	0.003974	True
POLE	AXIN2	MAP2K4	2	0.022	92.68	0.0002295	0.001511	True
POLE	AXIN2	CDC27	2	0.01	195.7	5.188e-05	0.0005005	True
MSH6	PCBP1	MAP2K4	2	0.026	76.1	0.0003394	0.002029	True
AXIN2	MAP2K4	CDC27	2	0.006	308.9	2.086e-05	0.0002584	True
APC	TP53	SMAD2	1	0.441	2.27	0.3563	0.3786	True
APC	TP53	CTNNB1	1	0.911	1.1	0.5977	0.6108	True
APC	TP53	BRAF	1	1.792	0.56	0.8333	0.8393	True
APC	TP53	ERBB2	1	0.558	1.79	0.4277	0.4473	True
APC	TP53	GNAS	1	0.411	2.43	0.3371	0.3602	True
APC	TP53	RNF43	1	0.558	1.79	0.4277	0.4473	True
APC	TP53	PCBP1	1	0.734	1.36	0.5202	0.5361	True
APC	TP53	AXIN2	1	0.382	2.62	0.3174	0.341	True
APC	TP53	CDC27	1	0.264	3.78	0.2323	0.2574	True
APC	KRAS	CTNNB1	1	0.907	1.1	0.5962	0.6095	True
APC	KRAS	BRAF	1	1.784	0.56	0.8321	0.8384	True
APC	KRAS	SOX9	1	0.585	1.71	0.4429	0.4625	True
APC	KRAS	ACVR2A	1	0.322	3.11	0.2751	0.3001	True
APC	KRAS	RNF43	1	0.556	1.8	0.4264	0.4467	True
APC	KRAS	CASP8	1	0.263	3.8	0.2315	0.2566	True
APC	KRAS	ELF3	1	0.088	11.4	0.08402	0.1096	True
APC	KRAS	MAP2K4	1	0.556	1.8	0.4264	0.4467	True
APC	PIK3CA	B2M	1	0.087	11.55	0.08292	0.1085	True
APC	PIK3CA	ELF3	1	0.052	19.25	0.05061	0.07502	True
APC	PIK3CA	PCBP1	1	0.433	2.31	0.3513	0.3737	True
APC	FBXW7	NRAS	1	0.219	4.56	0.1968	0.2231	True
APC	FBXW7	SMAD2	1	0.091	10.95	0.08729	0.1128	True
APC	FBXW7	KMT2D	1	0.274	3.65	0.2397	0.2651	True
APC	FBXW7	RNF43	1	0.116	8.64	0.1093	0.1345	True
APC	FBXW7	PCBP1	1	0.152	6.57	0.1412	0.1667	True
APC	FBXW7	MAP2K4	1	0.116	8.64	0.1093	0.1345	True
APC	SMAD4	TCF7L2	1	0.177	5.64	0.1625	0.1885	True
APC	SMAD4	NRAS	1	0.236	4.23	0.2105	0.236	True
APC	SMAD4	SMAD2	1	0.099	10.15	0.09381	0.1195	True
APC	SMAD4	SOX9	1	0.131	7.61	0.1231	0.1485	True
APC	SMAD4	ERBB2	1	0.125	8.01	0.1173	0.1424	True
APC	SMAD4	PTEN	1	0.112	8.96	0.1056	0.1312	True
APC	SMAD4	RNF43	1	0.125	8.01	0.1173	0.1424	True
APC	SMAD4	B2M	1	0.033	30.46	0.0323	0.05521	True
APC	SMAD4	CASP8	1	0.059	16.92	0.05739	0.08147	True
APC	SMAD4	PCBP1	1	0.164	6.09	0.1514	0.1773	True
APC	TCF7L2	NRAS	1	0.116	8.62	0.1096	0.1348	True
APC	TCF7L2	CTNNB1	1	0.1	10.01	0.0951	0.121	True
APC	TCF7L2	BRAF	1	0.197	5.09	0.1785	0.2046	True
APC	TCF7L2	SOX9	1	0.064	15.51	0.06244	0.08695	True
APC	TCF7L2	ACVR2A	1	0.035	28.2	0.03484	0.05849	True
APC	TCF7L2	GNAS	1	0.045	22.16	0.04413	0.06843	True
APC	TCF7L2	RNF43	1	0.061	16.33	0.05941	0.08355	True
APC	TCF7L2	CASP8	1	0.029	34.47	0.0286	0.05067	True
APC	TCF7L2	ELF3	1	0.01	103.4	0.009624	0.0253	True
APC	TCF7L2	AXIN2	1	0.042	23.86	0.04104	0.06531	True
APC	TCF7L2	MAP2K4	1	0.061	16.33	0.05941	0.08355	True
APC	NRAS	CTNNB1	1	0.133	7.5	0.1247	0.1501	True
APC	NRAS	KMT2C	1	0.168	5.97	0.1543	0.1802	True
APC	NRAS	KMT2D	1	0.193	5.17	0.1759	0.2021	True
APC	NRAS	ERBB2	1	0.082	12.24	0.07842	0.104	True
APC	NRAS	ERBB3	1	0.112	8.95	0.1057	0.1312	True
APC	NRAS	PTEN	1	0.073	13.69	0.07046	0.09575	True
APC	NRAS	RNF43	1	0.082	12.24	0.07842	0.104	True
APC	NRAS	B2M	1	0.021	46.53	0.02126	0.04239	True
APC	NRAS	MSH6	1	0.082	12.24	0.07842	0.104	True
APC	NRAS	MAP2K4	1	0.082	12.24	0.07842	0.104	True
APC	SMAD2	BRAF	1	0.109	9.15	0.1035	0.1297	True
APC	SMAD2	KMT2D	1	0.081	12.41	0.07743	0.1029	True
APC	SMAD2	ERBB3	1	0.047	21.48	0.0455	0.06985	True
APC	SMAD2	PCBP1	1	0.045	22.33	0.04379	0.068	True
APC	SMAD2	AXIN2	1	0.023	42.95	0.02301	0.04482	True
APC	CTNNB1	ERBB3	1	0.096	10.39	0.09175	0.1174	True
APC	CTNNB1	GNAS	1	0.052	19.3	0.0505	0.07493	True
APC	CTNNB1	ELF3	1	0.011	90.06	0.01104	0.02756	True
APC	CTNNB1	PCBP1	1	0.093	10.81	0.08838	0.1141	True
APC	CTNNB1	AXIN2	1	0.048	20.78	0.04698	0.07145	True
APC	CTNNB1	MAP2K4	1	0.07	14.22	0.06791	0.09299	True
APC	BRAF	SOX9	1	0.146	6.87	0.1356	0.1609	True
APC	BRAF	GNAS	1	0.102	9.81	0.09694	0.1229	True
APC	BRAF	RNF43	1	0.138	7.23	0.1292	0.1541	True
APC	BRAF	B2M	1	0.036	27.46	0.03576	0.05953	True
APC	SOX9	ARID1A	1	0.041	24.63	0.03978	0.06414	True
APC	SOX9	AMER1	1	0.045	22.04	0.04436	0.06867	True
APC	SOX9	KMT2C	1	0.093	10.74	0.08892	0.1147	True
APC	SOX9	ACVR2A	1	0.026	38.07	0.02593	0.0479	True
APC	SOX9	GNAS	1	0.033	29.91	0.03288	0.05591	True
APC	SOX9	CDC27	1	0.021	46.53	0.02126	0.04239	True
APC	ARID1A	ERBB2	1	0.039	25.93	0.03783	0.06178	True
APC	ARID1A	ACVR2A	1	0.022	44.79	0.02208	0.04346	True
APC	ARID1A	RNF43	1	0.039	25.93	0.03783	0.06178	True
APC	ARID1A	B2M	1	0.01	98.54	0.0101	0.02621	True
APC	ARID1A	CASP8	1	0.018	54.74	0.0181	0.03818	True
APC	ARID1A	ELF3	1	0.006	164.2	0.006071	0.01835	True
APC	ARID1A	AXIN2	1	0.026	37.9	0.02604	0.04805	True
APC	ARID1A	MAP2K4	1	0.039	25.93	0.03783	0.06178	True
APC	AMER1	GNAS	1	0.032	31.49	0.03126	0.05407	True
APC	AMER1	ELF3	1	0.007	146.9	0.006782	0.01963	True
APC	AMER1	PCBP1	1	0.057	17.63	0.05513	0.07947	True
APC	ATM	ERBB3	1	0.121	8.26	0.114	0.1393	True
APC	ATM	GNAS	1	0.065	15.34	0.06311	0.08768	True
APC	ATM	ELF3	1	0.014	71.59	0.01387	0.03203	True
APC	ATM	PCBP1	1	0.116	8.59	0.1099	0.135	True
APC	KMT2C	ERBB3	1	0.121	8.26	0.114	0.1393	True
APC	KMT2C	ACVR2A	1	0.051	19.52	0.04993	0.0745	True
APC	KMT2C	RNF43	1	0.088	11.3	0.08467	0.1101	True
APC	KMT2C	B2M	1	0.023	42.95	0.02301	0.04482	True
APC	KMT2C	ELF3	1	0.014	71.59	0.01387	0.03203	True
APC	KMT2C	PCBP1	1	0.116	8.59	0.1099	0.135	True
APC	KMT2C	MAP2K4	1	0.088	11.3	0.08467	0.1101	True
APC	KMT2D	ACVR2A	1	0.059	16.92	0.05739	0.08147	True
APC	KMT2D	RNF43	1	0.102	9.8	0.09705	0.123	True
APC	KMT2D	B2M	1	0.027	37.22	0.02651	0.04861	True
APC	KMT2D	ELF3	1	0.016	62.04	0.01599	0.03525	True
APC	KMT2D	PCBP1	1	0.134	7.44	0.1257	0.1508	True
APC	ERBB2	PCBP1	1	0.057	17.63	0.05513	0.07947	True
APC	ERBB2	AXIN2	1	0.029	33.91	0.02906	0.05129	True
APC	ERBB3	ACVR2A	1	0.034	29.29	0.03357	0.05682	True
APC	ERBB3	CASP8	1	0.028	35.79	0.02755	0.04965	True
APC	ERBB3	PCBP1	1	0.078	12.89	0.07467	0.1002	True
APC	ERBB3	AXIN2	1	0.04	24.78	0.03955	0.06384	True
APC	PTEN	ACVR2A	1	0.022	44.79	0.02208	0.04346	True
APC	PTEN	GNAS	1	0.028	35.19	0.02802	0.04996	True
APC	PTEN	B2M	1	0.01	98.54	0.0101	0.02621	True
APC	PTEN	ELF3	1	0.006	164.2	0.006071	0.01835	True
APC	ACVR2A	CASP8	1	0.012	84.6	0.01175	0.02865	True
APC	ACVR2A	PCBP1	1	0.033	30.46	0.0323	0.05521	True
APC	ACVR2A	AXIN2	1	0.017	58.57	0.01693	0.0366	True
APC	ACVR2A	MAP2K4	1	0.025	40.07	0.02464	0.04665	True
APC	ACVR2A	CDC27	1	0.012	84.6	0.01175	0.02865	True
APC	GNAS	MSH6	1	0.032	31.49	0.03126	0.05407	True
APC	GNAS	ELF3	1	0.005	199.4	0.005002	0.01574	True
APC	GNAS	AXIN2	1	0.022	46.02	0.0215	0.04257	True
APC	GNAS	CDC27	1	0.015	66.47	0.01493	0.03378	True
APC	RNF43	MSH6	1	0.043	23.2	0.04219	0.06618	True
APC	RNF43	PCBP1	1	0.057	17.63	0.05513	0.07947	True
APC	B2M	MSH6	1	0.011	88.16	0.01128	0.02786	True
APC	B2M	CASP8	1	0.005	186.1	0.005358	0.01664	True
APC	POLE	ELF3	1	0.011	93.06	0.01069	0.02699	True
APC	MSH6	ELF3	1	0.007	146.9	0.006782	0.01963	True
APC	CASP8	AXIN2	1	0.014	71.59	0.01387	0.03203	True
APC	CASP8	CDC27	1	0.01	103.4	0.009624	0.0253	True
APC	ELF3	CDC27	1	0.003	310.2	0.003218	0.01113	True
APC	PCBP1	AXIN2	1	0.039	25.77	0.03806	0.06207	True
APC	PCBP1	CDC27	1	0.027	37.22	0.02651	0.04861	True
TP53	KRAS	NRAS	1	6.318	0.16	0.9982	0.9985	True
TP53	KRAS	BRAF	1	10.71	0.09	1	1	True
TP53	KRAS	PTEN	1	2.984	0.34	0.9494	0.9527	True
TP53	KRAS	TGFBR2	1	1.931	0.52	0.8549	0.8599	True
TP53	KRAS	MSH6	1	3.335	0.3	0.9644	0.967	True
TP53	KRAS	CASP8	1	1.58	0.63	0.7939	0.8005	True
TP53	KRAS	ELF3	1	0.527	1.9	0.4094	0.4312	True
TP53	PIK3CA	NRAS	1	3.739	0.27	0.9762	0.9782	True
TP53	PIK3CA	SMAD2	1	1.558	0.64	0.7895	0.7966	True
TP53	PIK3CA	AMER1	1	1.974	0.51	0.861	0.8652	True
TP53	PIK3CA	KMT2C	1	4.051	0.25	0.9826	0.9843	True
TP53	PIK3CA	ERBB2	1	1.974	0.51	0.861	0.8652	True
TP53	PIK3CA	ACVR2A	1	1.143	0.88	0.681	0.6905	True
TP53	PIK3CA	TGFBR2	1	1.143	0.88	0.681	0.6905	True
TP53	PIK3CA	CASP8	1	0.935	1.07	0.6074	0.6199	True
TP53	PIK3CA	AXIN2	1	1.35	0.74	0.7409	0.7498	True
TP53	PIK3CA	CDC27	1	0.935	1.07	0.6074	0.6199	True
TP53	FBXW7	NRAS	1	1.315	0.76	0.7316	0.7407	True
TP53	FBXW7	SOX9	1	0.731	1.37	0.5184	0.5345	True
TP53	FBXW7	ATM	1	1.425	0.7	0.7595	0.7673	True
TP53	FBXW7	ACVR2A	1	0.402	2.49	0.3309	0.3545	True
TP53	FBXW7	TGFBR2	1	0.402	2.49	0.3309	0.3545	True
TP53	FBXW7	POLE	1	1.096	0.91	0.6658	0.6762	True
TP53	FBXW7	PCBP1	1	0.913	1.09	0.5988	0.6118	True
TP53	SMAD4	TCF7L2	1	1.064	0.94	0.6549	0.6663	True
TP53	SMAD4	NRAS	1	1.418	0.71	0.7579	0.7662	True
TP53	SMAD4	BRAF	1	2.403	0.42	0.9096	0.913	True
TP53	SMAD4	ARID1A	1	0.67	1.49	0.4882	0.5064	True
TP53	SMAD4	ATM	1	1.537	0.65	0.7849	0.7922	True
TP53	SMAD4	KMT2D	1	1.773	0.56	0.8302	0.8368	True
TP53	SMAD4	ERBB2	1	0.749	1.34	0.527	0.5418	True
TP53	SMAD4	ERBB3	1	1.024	0.98	0.641	0.6528	True
TP53	SMAD4	PTEN	1	0.67	1.49	0.4882	0.5064	True
TP53	SMAD4	ACVR2A	1	0.433	2.31	0.3517	0.374	True
TP53	SMAD4	POLE	1	1.182	0.85	0.6933	0.7022	True
TP53	SMAD4	MSH6	1	0.749	1.34	0.527	0.5418	True
TP53	SMAD4	CASP8	1	0.355	2.82	0.2985	0.3232	True
TP53	SMAD4	PCBP1	1	0.985	1.02	0.6266	0.639	True
TP53	TCF7L2	SMAD2	1	0.29	3.45	0.2518	0.2764	True
TP53	TCF7L2	ARID1A	1	0.329	3.04	0.2802	0.3051	True
TP53	TCF7L2	AMER1	1	0.367	2.72	0.3075	0.3318	True
TP53	TCF7L2	KMT2C	1	0.754	1.33	0.5297	0.5444	True
TP53	TCF7L2	RNF43	1	0.367	2.72	0.3075	0.3318	True
TP53	TCF7L2	MSH6	1	0.367	2.72	0.3075	0.3318	True
TP53	TCF7L2	AXIN2	1	0.251	3.98	0.2223	0.2478	True
TP53	TCF7L2	MAP2K4	1	0.367	2.72	0.3075	0.3318	True
TP53	TCF7L2	CDC27	1	0.174	5.74	0.1598	0.1855	True
TP53	NRAS	CTNNB1	1	0.799	1.25	0.5504	0.5653	True
TP53	NRAS	BRAF	1	1.573	0.64	0.7926	0.7994	True
TP53	NRAS	KMT2D	1	1.161	0.86	0.6867	0.6957	True
TP53	NRAS	ERBB2	1	0.49	2.04	0.3874	0.4089	True
TP53	SMAD2	BRAF	1	0.655	1.53	0.4808	0.4998	True
TP53	SMAD2	AMER1	1	0.204	4.9	0.1847	0.2104	True
TP53	SMAD2	ATM	1	0.419	2.39	0.3423	0.3652	True
TP53	SMAD2	KMT2C	1	0.419	2.39	0.3423	0.3652	True
TP53	SMAD2	ERBB2	1	0.204	4.9	0.1847	0.2104	True
TP53	SMAD2	PTEN	1	0.183	5.47	0.167	0.1933	True
TP53	SMAD2	MSH6	1	0.204	4.9	0.1847	0.2104	True
TP53	CTNNB1	ATM	1	0.866	1.15	0.5794	0.5934	True
TP53	CTNNB1	ERBB2	1	0.422	2.37	0.3442	0.3665	True
TP53	CTNNB1	ERBB3	1	0.577	1.73	0.4386	0.4584	True
TP53	CTNNB1	PTEN	1	0.378	2.65	0.3144	0.3384	True
TP53	CTNNB1	ACVR2A	1	0.244	4.09	0.2167	0.2424	True
TP53	CTNNB1	POLE	1	0.666	1.5	0.4864	0.5054	True
TP53	CTNNB1	MSH6	1	0.422	2.37	0.3442	0.3665	True
TP53	CTNNB1	ELF3	1	0.067	15.01	0.06445	0.08921	True
TP53	CTNNB1	PCBP1	1	0.555	1.8	0.426	0.4467	True
TP53	CTNNB1	MAP2K4	1	0.422	2.37	0.3442	0.3665	True
TP53	BRAF	ERBB3	1	1.136	0.88	0.679	0.6891	True
TP53	BRAF	PTEN	1	0.743	1.35	0.5243	0.5402	True
TP53	BRAF	GNAS	1	0.612	1.63	0.4576	0.4772	True
TP53	BRAF	BMPR1A	1	0.306	3.27	0.2635	0.2882	True
TP53	BRAF	PCBP1	1	1.092	0.92	0.6646	0.6755	True
TP53	SOX9	ERBB3	1	0.373	2.68	0.311	0.3353	True
TP53	SOX9	TGFBR2	1	0.158	6.35	0.1458	0.1714	True
TP53	ARID1A	ATM	1	0.475	2.11	0.3781	0.4004	True
TP53	ARID1A	PTEN	1	0.207	4.83	0.187	0.2127	True
TP53	ARID1A	GNAS	1	0.17	5.87	0.1568	0.1826	True
TP53	ARID1A	RNF43	1	0.231	4.32	0.2066	0.232	True
TP53	ARID1A	MAP2K4	1	0.231	4.32	0.2066	0.232	True
TP53	ARID1A	CDC27	1	0.11	9.12	0.1038	0.1297	True
TP53	AMER1	KMT2C	1	0.531	1.88	0.4119	0.4326	True
TP53	AMER1	ERBB2	1	0.259	3.87	0.2279	0.2529	True
TP53	AMER1	PTEN	1	0.231	4.32	0.2066	0.232	True
TP53	AMER1	BMPR1A	1	0.095	10.5	0.09088	0.1164	True
TP53	AMER1	POLE	1	0.408	2.45	0.3352	0.3585	True
TP53	AMER1	MAP2K4	1	0.259	3.87	0.2279	0.2529	True
TP53	ATM	KMT2C	1	1.09	0.92	0.6637	0.675	True
TP53	ATM	ERBB2	1	0.531	1.88	0.4119	0.4326	True
TP53	ATM	ERBB3	1	0.726	1.38	0.5164	0.5326	True
TP53	ATM	BMPR1A	1	0.196	5.11	0.1776	0.2039	True
TP53	ATM	RNF43	1	0.531	1.88	0.4119	0.4326	True
TP53	ATM	AXIN2	1	0.363	2.75	0.3046	0.3293	True
TP53	ATM	CDC27	1	0.251	3.98	0.2223	0.2478	True
TP53	KMT2C	ERBB3	1	0.726	1.38	0.5164	0.5326	True
TP53	KMT2C	PTEN	1	0.475	2.11	0.3781	0.4004	True
TP53	KMT2C	GNAS	1	0.391	2.56	0.3237	0.3474	True
TP53	KMT2C	PCBP1	1	0.698	1.43	0.5027	0.5195	True
TP53	KMT2C	MAP2K4	1	0.531	1.88	0.4119	0.4326	True
TP53	KMT2D	RNF43	1	0.612	1.63	0.458	0.4773	True
TP53	KMT2D	MSH6	1	0.612	1.63	0.458	0.4773	True
TP53	KMT2D	PCBP1	1	0.806	1.24	0.5533	0.5681	True
TP53	KMT2D	AXIN2	1	0.419	2.39	0.3423	0.3652	True
TP53	KMT2D	CDC27	1	0.29	3.45	0.2518	0.2764	True
TP53	ERBB2	PTEN	1	0.231	4.32	0.2066	0.232	True
TP53	ERBB2	GNAS	1	0.191	5.25	0.1735	0.1997	True
TP53	ERBB2	POLE	1	0.408	2.45	0.3352	0.3585	True
TP53	ERBB2	MSH6	1	0.259	3.87	0.2279	0.2529	True
TP53	ERBB2	PCBP1	1	0.34	2.94	0.2884	0.3131	True
TP53	ERBB3	TGFBR2	1	0.205	4.88	0.1853	0.2109	True
TP53	ERBB3	PCBP1	1	0.466	2.15	0.3723	0.3954	True
TP53	ERBB3	AXIN2	1	0.242	4.13	0.215	0.2408	True
TP53	ERBB3	CDC27	1	0.168	5.97	0.1543	0.1802	True
TP53	PTEN	ACVR2A	1	0.134	7.46	0.1254	0.1506	True
TP53	PTEN	RNF43	1	0.231	4.32	0.2066	0.232	True
TP53	PTEN	PCBP1	1	0.304	3.28	0.2625	0.2872	True
TP53	PTEN	AXIN2	1	0.158	6.32	0.1464	0.172	True
TP53	PTEN	CDC27	1	0.11	9.12	0.1038	0.1297	True
TP53	ACVR2A	GNAS	1	0.11	9.06	0.1045	0.1299	True
TP53	ACVR2A	POLE	1	0.236	4.23	0.2105	0.236	True
TP53	ACVR2A	PCBP1	1	0.197	5.08	0.1788	0.2049	True
TP53	ACVR2A	MAP2K4	1	0.15	6.68	0.1391	0.1646	True
TP53	BMPR1A	MSH6	1	0.095	10.5	0.09088	0.1164	True
TP53	BMPR1A	MAP2K4	1	0.095	10.5	0.09088	0.1164	True
TP53	RNF43	POLE	1	0.408	2.45	0.3352	0.3585	True
TP53	RNF43	AXIN2	1	0.177	5.65	0.1622	0.1882	True
TP53	RNF43	MAP2K4	1	0.259	3.87	0.2279	0.2529	True
TP53	RNF43	CDC27	1	0.122	8.16	0.1153	0.1403	True
TP53	POLE	PCBP1	1	0.537	1.86	0.4157	0.4364	True
TP53	POLE	AXIN2	1	0.279	3.58	0.2438	0.2692	True
TP53	POLE	CDC27	1	0.193	5.17	0.1759	0.2021	True
TP53	MSH6	PCBP1	1	0.34	2.94	0.2884	0.3131	True
TP53	AXIN2	MAP2K4	1	0.177	5.65	0.1622	0.1882	True
TP53	AXIN2	CDC27	1	0.084	11.93	0.0804	0.1061	True
TP53	MAP2K4	CDC27	1	0.122	8.16	0.1153	0.1403	True
KRAS	PIK3CA	BRAF	1	6.311	0.16	0.9982	0.9985	True
KRAS	PIK3CA	BMPR1A	1	0.724	1.38	0.5153	0.5318	True
KRAS	PIK3CA	B2M	1	0.517	1.93	0.4038	0.4257	True
KRAS	PIK3CA	ELF3	1	0.31	3.22	0.2668	0.2914	True
KRAS	FBXW7	ATM	1	1.419	0.7	0.7581	0.7662	True
KRAS	FBXW7	KMT2C	1	1.419	0.7	0.7581	0.7662	True
KRAS	FBXW7	RNF43	1	0.691	1.45	0.4991	0.5168	True
KRAS	FBXW7	B2M	1	0.182	5.5	0.1663	0.1926	True
KRAS	FBXW7	POLE	1	1.092	0.92	0.6643	0.6754	True
KRAS	FBXW7	CASP8	1	0.327	3.05	0.2793	0.3041	True
KRAS	FBXW7	MAP2K4	1	0.691	1.45	0.4991	0.5168	True
KRAS	SMAD4	NRAS	1	1.413	0.71	0.7565	0.7654	True
KRAS	SMAD4	SMAD2	1	0.589	1.7	0.4449	0.4644	True
KRAS	SMAD4	ARID1A	1	0.667	1.5	0.4868	0.5055	True
KRAS	SMAD4	AMER1	1	0.746	1.34	0.5255	0.5409	True
KRAS	SMAD4	KMT2C	1	1.53	0.65	0.7835	0.7911	True
KRAS	SMAD4	ERBB2	1	0.746	1.34	0.5255	0.5409	True
KRAS	SMAD4	ERBB3	1	1.02	0.98	0.6395	0.6515	True
KRAS	SMAD4	PTEN	1	0.667	1.5	0.4868	0.5055	True
KRAS	SMAD4	GNAS	1	0.549	1.82	0.4227	0.4435	True
KRAS	SMAD4	B2M	1	0.196	5.1	0.1782	0.2044	True
KRAS	SMAD4	CDC27	1	0.353	2.83	0.2975	0.3222	True
KRAS	TCF7L2	NRAS	1	0.693	1.44	0.5002	0.5177	True
KRAS	TCF7L2	ARID1A	1	0.327	3.05	0.2793	0.3041	True
KRAS	TCF7L2	GNAS	1	0.27	3.71	0.2364	0.2617	True
KRAS	TCF7L2	BMPR1A	1	0.135	7.42	0.1261	0.1512	True
KRAS	TCF7L2	TGFBR2	1	0.212	4.72	0.191	0.2169	True
KRAS	TCF7L2	ELF3	1	0.058	17.3	0.05615	0.08018	True
KRAS	TCF7L2	PCBP1	1	0.482	2.08	0.3822	0.4043	True
KRAS	TCF7L2	AXIN2	1	0.25	3.99	0.2215	0.2471	True
KRAS	TCF7L2	CDC27	1	0.173	5.77	0.1592	0.1849	True
KRAS	NRAS	AMER1	1	0.488	2.05	0.3862	0.4078	True
KRAS	NRAS	ATM	1	1.002	1	0.6327	0.6449	True
KRAS	NRAS	KMT2C	1	1.002	1	0.6327	0.6449	True
KRAS	NRAS	KMT2D	1	1.156	0.87	0.6852	0.6945	True
KRAS	NRAS	ERBB2	1	0.488	2.05	0.3862	0.4078	True
KRAS	NRAS	ERBB3	1	0.668	1.5	0.4872	0.5057	True
KRAS	NRAS	RNF43	1	0.488	2.05	0.3862	0.4078	True
KRAS	NRAS	MSH6	1	0.488	2.05	0.3862	0.4078	True
KRAS	NRAS	MAP2K4	1	0.488	2.05	0.3862	0.4078	True
KRAS	NRAS	CDC27	1	0.231	4.33	0.2064	0.232	True
KRAS	SMAD2	CTNNB1	1	0.332	3.01	0.2823	0.3073	True
KRAS	SMAD2	BRAF	1	0.653	1.53	0.4794	0.4987	True
KRAS	SMAD2	KMT2D	1	0.482	2.08	0.3822	0.4043	True
KRAS	SMAD2	ERBB3	1	0.278	3.59	0.2429	0.2683	True
KRAS	SMAD2	PTEN	1	0.182	5.5	0.1663	0.1926	True
KRAS	SMAD2	TGFBR2	1	0.118	8.49	0.1111	0.1364	True
KRAS	SMAD2	RNF43	1	0.203	4.92	0.184	0.2101	True
KRAS	SMAD2	MAP2K4	1	0.203	4.92	0.184	0.2101	True
KRAS	SMAD2	CDC27	1	0.096	10.38	0.09182	0.1174	True
KRAS	CTNNB1	ARID1A	1	0.376	2.66	0.3134	0.3375	True
KRAS	CTNNB1	ATM	1	0.863	1.16	0.5779	0.5923	True
KRAS	CTNNB1	ERBB2	1	0.42	2.38	0.3431	0.3658	True
KRAS	CTNNB1	RNF43	1	0.42	2.38	0.3431	0.3658	True
KRAS	CTNNB1	CASP8	1	0.199	5.02	0.1805	0.2067	True
KRAS	CTNNB1	PCBP1	1	0.553	1.81	0.4247	0.4455	True
KRAS	CTNNB1	CDC27	1	0.199	5.02	0.1805	0.2067	True
KRAS	BRAF	KMT2D	1	1.958	0.51	0.8589	0.8637	True
KRAS	BRAF	ERBB3	1	1.132	0.88	0.6775	0.6878	True
KRAS	BRAF	MSH6	1	0.827	1.21	0.5626	0.5774	True
KRAS	BRAF	CASP8	1	0.392	2.55	0.3241	0.3476	True
KRAS	SOX9	ARID1A	1	0.243	4.12	0.2154	0.2411	True
KRAS	SOX9	AMER1	1	0.271	3.69	0.2375	0.2627	True
KRAS	SOX9	KMT2C	1	0.557	1.8	0.4268	0.4468	True
KRAS	SOX9	KMT2D	1	0.642	1.56	0.4738	0.4934	True
KRAS	SOX9	ERBB3	1	0.371	2.7	0.31	0.3343	True
KRAS	SOX9	GNAS	1	0.2	5.01	0.1811	0.2071	True
KRAS	SOX9	RNF43	1	0.271	3.69	0.2375	0.2627	True
KRAS	SOX9	AXIN2	1	0.186	5.39	0.1693	0.1957	True
KRAS	ARID1A	ATM	1	0.473	2.11	0.3769	0.3999	True
KRAS	ARID1A	KMT2C	1	0.473	2.11	0.3769	0.3999	True
KRAS	ARID1A	ERBB3	1	0.315	3.17	0.2705	0.2951	True
KRAS	ARID1A	PTEN	1	0.206	4.85	0.1863	0.212	True
KRAS	ARID1A	RNF43	1	0.23	4.34	0.2058	0.2318	True
KRAS	ARID1A	MSH6	1	0.23	4.34	0.2058	0.2318	True
KRAS	ARID1A	ELF3	1	0.036	27.48	0.03573	0.05951	True
KRAS	ARID1A	CDC27	1	0.109	9.16	0.1034	0.1296	True
KRAS	AMER1	KMT2D	1	0.61	1.64	0.4567	0.4764	True
KRAS	AMER1	ERBB3	1	0.352	2.84	0.297	0.3219	True
KRAS	AMER1	GNAS	1	0.19	5.27	0.1729	0.1991	True
KRAS	AMER1	ELF3	1	0.041	24.59	0.03985	0.06414	True
KRAS	AMER1	MAP2K4	1	0.258	3.88	0.2271	0.2524	True
KRAS	ATM	ERBB2	1	0.529	1.89	0.4106	0.4319	True
KRAS	ATM	ERBB3	1	0.723	1.38	0.5149	0.5317	True
KRAS	ATM	GNAS	1	0.39	2.57	0.3226	0.3463	True
KRAS	ATM	BMPR1A	1	0.195	5.13	0.177	0.2033	True
KRAS	ATM	TGFBR2	1	0.306	3.27	0.2637	0.2882	True
KRAS	ATM	RNF43	1	0.529	1.89	0.4106	0.4319	True
KRAS	ATM	ELF3	1	0.083	11.98	0.08009	0.1058	True
KRAS	ATM	PCBP1	1	0.696	1.44	0.5012	0.5183	True
KRAS	ATM	AXIN2	1	0.362	2.76	0.3035	0.3284	True
KRAS	ATM	MAP2K4	1	0.529	1.89	0.4106	0.4319	True
KRAS	ATM	CDC27	1	0.25	3.99	0.2215	0.2471	True
KRAS	KMT2C	ERBB2	1	0.529	1.89	0.4106	0.4319	True
KRAS	KMT2C	ERBB3	1	0.723	1.38	0.5149	0.5317	True
KRAS	KMT2C	ELF3	1	0.083	11.98	0.08009	0.1058	True
KRAS	KMT2C	PCBP1	1	0.696	1.44	0.5012	0.5183	True
KRAS	KMT2C	CDC27	1	0.25	3.99	0.2215	0.2471	True
KRAS	KMT2D	ACVR2A	1	0.353	2.83	0.2975	0.3222	True
KRAS	KMT2D	BMPR1A	1	0.225	4.45	0.2013	0.2277	True
KRAS	KMT2D	CASP8	1	0.289	3.46	0.251	0.2757	True
KRAS	KMT2D	ELF3	1	0.096	10.38	0.09182	0.1174	True
KRAS	KMT2D	AXIN2	1	0.417	2.4	0.3412	0.3644	True
KRAS	KMT2D	CDC27	1	0.289	3.46	0.251	0.2757	True
KRAS	ERBB2	ERBB3	1	0.352	2.84	0.297	0.3219	True
KRAS	ERBB2	PTEN	1	0.23	4.34	0.2058	0.2318	True
KRAS	ERBB2	RNF43	1	0.258	3.88	0.2271	0.2524	True
KRAS	ERBB2	MSH6	1	0.258	3.88	0.2271	0.2524	True
KRAS	ERBB2	PCBP1	1	0.339	2.95	0.2874	0.3123	True
KRAS	ERBB2	MAP2K4	1	0.258	3.88	0.2271	0.2524	True
KRAS	ERBB2	CDC27	1	0.122	8.2	0.1149	0.14	True
KRAS	ERBB3	ACVR2A	1	0.204	4.9	0.1846	0.2104	True
KRAS	ERBB3	TGFBR2	1	0.204	4.9	0.1846	0.2104	True
KRAS	ERBB3	MSH6	1	0.352	2.84	0.297	0.3219	True
KRAS	ERBB3	CASP8	1	0.167	5.99	0.1538	0.1797	True
KRAS	ERBB3	CDC27	1	0.167	5.99	0.1538	0.1797	True
KRAS	PTEN	GNAS	1	0.17	5.89	0.1562	0.1821	True
KRAS	PTEN	BMPR1A	1	0.085	11.78	0.0814	0.107	True
KRAS	PTEN	B2M	1	0.061	16.49	0.05884	0.08301	True
KRAS	PTEN	ELF3	1	0.036	27.48	0.03573	0.05951	True
KRAS	PTEN	PCBP1	1	0.303	3.3	0.2616	0.2863	True
KRAS	PTEN	CDC27	1	0.109	9.16	0.1034	0.1296	True
KRAS	ACVR2A	GNAS	1	0.11	9.1	0.1041	0.1298	True
KRAS	GNAS	RNF43	1	0.19	5.27	0.1729	0.1991	True
KRAS	GNAS	B2M	1	0.05	20.02	0.04872	0.0734	True
KRAS	GNAS	MSH6	1	0.19	5.27	0.1729	0.1991	True
KRAS	GNAS	CASP8	1	0.09	11.12	0.08597	0.1114	True
KRAS	GNAS	ELF3	1	0.03	33.37	0.02952	0.05167	True
KRAS	GNAS	PCBP1	1	0.25	4	0.221	0.2467	True
KRAS	GNAS	CDC27	1	0.09	11.12	0.08597	0.1114	True
KRAS	BMPR1A	TGFBR2	1	0.055	18.2	0.05345	0.07774	True
KRAS	BMPR1A	POLE	1	0.15	6.67	0.1391	0.1647	True
KRAS	BMPR1A	PCBP1	1	0.125	8.01	0.1174	0.1424	True
KRAS	BMPR1A	AXIN2	1	0.065	15.4	0.06286	0.08737	True
KRAS	TGFBR2	POLE	1	0.235	4.25	0.2098	0.2353	True
KRAS	TGFBR2	PCBP1	1	0.196	5.1	0.1782	0.2044	True
KRAS	TGFBR2	AXIN2	1	0.102	9.8	0.09699	0.1229	True
KRAS	RNF43	B2M	1	0.068	14.75	0.06553	0.09018	True
KRAS	RNF43	CASP8	1	0.122	8.2	0.1149	0.14	True
KRAS	RNF43	CDC27	1	0.122	8.2	0.1149	0.14	True
KRAS	B2M	POLE	1	0.107	9.34	0.1015	0.1273	True
KRAS	B2M	CASP8	1	0.032	31.15	0.0316	0.05452	True
KRAS	B2M	PCBP1	1	0.089	11.21	0.08532	0.1108	True
KRAS	POLE	CASP8	1	0.193	5.19	0.1752	0.2016	True
KRAS	POLE	ELF3	1	0.064	15.57	0.06219	0.08669	True
KRAS	POLE	AXIN2	1	0.278	3.59	0.2429	0.2683	True
KRAS	POLE	MAP2K4	1	0.407	2.46	0.3341	0.3578	True
KRAS	MSH6	CASP8	1	0.122	8.2	0.1149	0.14	True
KRAS	MSH6	ELF3	1	0.041	24.59	0.03985	0.06414	True
KRAS	MSH6	CDC27	1	0.122	8.2	0.1149	0.14	True
KRAS	CASP8	PCBP1	1	0.161	6.23	0.1483	0.1738	True
KRAS	ELF3	CDC27	1	0.019	51.91	0.01908	0.0395	True
KRAS	PCBP1	AXIN2	1	0.232	4.31	0.207	0.2322	True
KRAS	PCBP1	MAP2K4	1	0.339	2.95	0.2874	0.3123	True
KRAS	MAP2K4	CDC27	1	0.122	8.2	0.1149	0.14	True
PIK3CA	FBXW7	TCF7L2	1	0.581	1.72	0.4409	0.4606	True
PIK3CA	FBXW7	NRAS	1	0.775	1.29	0.5394	0.5542	True
PIK3CA	FBXW7	SMAD2	1	0.323	3.1	0.276	0.301	True
PIK3CA	FBXW7	PTEN	1	0.366	2.73	0.3066	0.3313	True
PIK3CA	FBXW7	RNF43	1	0.409	2.44	0.3358	0.359	True
PIK3CA	FBXW7	PCBP1	1	0.538	1.86	0.4163	0.4369	True
PIK3CA	FBXW7	AXIN2	1	0.28	3.57	0.2442	0.2695	True
PIK3CA	SMAD4	TCF7L2	1	0.627	1.59	0.4658	0.4853	True
PIK3CA	SMAD4	SMAD2	1	0.348	2.87	0.2942	0.3192	True
PIK3CA	SMAD4	GNAS	1	0.325	3.08	0.2776	0.3025	True
PIK3CA	SMAD4	AXIN2	1	0.302	3.31	0.2606	0.2854	True
PIK3CA	TCF7L2	NRAS	1	0.41	2.44	0.3366	0.3598	True
PIK3CA	TCF7L2	BRAF	1	0.695	1.44	0.5012	0.5183	True
PIK3CA	TCF7L2	SOX9	1	0.228	4.39	0.2039	0.2303	True
PIK3CA	TCF7L2	ERBB2	1	0.217	4.62	0.1948	0.2208	True
PIK3CA	TCF7L2	ERBB3	1	0.296	3.37	0.2565	0.2815	True
PIK3CA	TCF7L2	ACVR2A	1	0.125	7.97	0.1179	0.1429	True
PIK3CA	TCF7L2	GNAS	1	0.16	6.27	0.1475	0.1731	True
PIK3CA	TCF7L2	BMPR1A	1	0.08	12.53	0.0767	0.1022	True
PIK3CA	TCF7L2	TGFBR2	1	0.125	7.97	0.1179	0.1429	True
PIK3CA	TCF7L2	RNF43	1	0.217	4.62	0.1948	0.2208	True
PIK3CA	TCF7L2	ELF3	1	0.034	29.24	0.03362	0.05684	True
PIK3CA	TCF7L2	PCBP1	1	0.285	3.51	0.248	0.2731	True
PIK3CA	TCF7L2	MAP2K4	1	0.217	4.62	0.1948	0.2208	True
PIK3CA	NRAS	BRAF	1	0.927	1.08	0.6044	0.6172	True
PIK3CA	NRAS	AMER1	1	0.289	3.46	0.2509	0.2757	True
PIK3CA	NRAS	ATM	1	0.593	1.69	0.4472	0.4667	True
PIK3CA	NRAS	KMT2D	1	0.684	1.46	0.4954	0.5133	True
PIK3CA	NRAS	ERBB2	1	0.289	3.46	0.2509	0.2757	True
PIK3CA	NRAS	ERBB3	1	0.395	2.53	0.3265	0.3501	True
PIK3CA	NRAS	RNF43	1	0.289	3.46	0.2509	0.2757	True
PIK3CA	NRAS	MSH6	1	0.289	3.46	0.2509	0.2757	True
PIK3CA	NRAS	PCBP1	1	0.38	2.63	0.3162	0.3399	True
PIK3CA	NRAS	MAP2K4	1	0.289	3.46	0.2509	0.2757	True
PIK3CA	NRAS	CDC27	1	0.137	7.31	0.1279	0.1528	True
PIK3CA	SMAD2	CTNNB1	1	0.196	5.09	0.1783	0.2044	True
PIK3CA	SMAD2	KMT2D	1	0.285	3.51	0.248	0.2731	True
PIK3CA	SMAD2	ERBB3	1	0.165	6.07	0.1518	0.1777	True
PIK3CA	SMAD2	RNF43	1	0.12	8.31	0.1134	0.1388	True
PIK3CA	SMAD2	MAP2K4	1	0.12	8.31	0.1134	0.1388	True
PIK3CA	SMAD2	CDC27	1	0.057	17.54	0.05541	0.07971	True
PIK3CA	CTNNB1	ERBB3	1	0.34	2.94	0.2885	0.3131	True
PIK3CA	CTNNB1	BMPR1A	1	0.092	10.91	0.08756	0.1131	True
PIK3CA	CTNNB1	RNF43	1	0.249	4.02	0.2202	0.246	True
PIK3CA	CTNNB1	ELF3	1	0.039	25.47	0.03851	0.06253	True
PIK3CA	CTNNB1	AXIN2	1	0.17	5.88	0.1565	0.1824	True
PIK3CA	BRAF	PTEN	1	0.438	2.28	0.3546	0.3769	True
PIK3CA	BRAF	TGFBR2	1	0.283	3.53	0.2467	0.2719	True
PIK3CA	BRAF	B2M	1	0.129	7.76	0.1208	0.146	True
PIK3CA	BRAF	ELF3	1	0.077	12.94	0.07436	0.09998	True
PIK3CA	BRAF	PCBP1	1	0.644	1.55	0.4748	0.4942	True
PIK3CA	BRAF	CDC27	1	0.232	4.31	0.2069	0.2322	True
PIK3CA	SOX9	ARID1A	1	0.144	6.97	0.1337	0.159	True
PIK3CA	SOX9	AMER1	1	0.16	6.23	0.1482	0.1738	True
PIK3CA	SOX9	ERBB3	1	0.22	4.55	0.1971	0.2233	True
PIK3CA	SOX9	ACVR2A	1	0.093	10.76	0.08871	0.1144	True
PIK3CA	SOX9	TGFBR2	1	0.093	10.76	0.08871	0.1144	True
PIK3CA	SOX9	POLE	1	0.253	3.95	0.2238	0.2493	True
PIK3CA	SOX9	AXIN2	1	0.11	9.11	0.104	0.1298	True
PIK3CA	SOX9	CDC27	1	0.076	13.16	0.07319	0.09897	True
PIK3CA	ARID1A	ERBB2	1	0.136	7.33	0.1275	0.1525	True
PIK3CA	ARID1A	ACVR2A	1	0.079	12.66	0.07592	0.1014	True
PIK3CA	ARID1A	GNAS	1	0.1	9.95	0.09561	0.1215	True
PIK3CA	ARID1A	TGFBR2	1	0.079	12.66	0.07592	0.1014	True
PIK3CA	ARID1A	RNF43	1	0.136	7.33	0.1275	0.1525	True
PIK3CA	ARID1A	B2M	1	0.036	27.86	0.03526	0.05905	True
PIK3CA	ARID1A	CASP8	1	0.065	15.48	0.06256	0.08708	True
PIK3CA	ARID1A	ELF3	1	0.022	46.44	0.0213	0.04239	True
PIK3CA	ARID1A	AXIN2	1	0.093	10.72	0.0891	0.1148	True
PIK3CA	ARID1A	MAP2K4	1	0.136	7.33	0.1275	0.1525	True
PIK3CA	AMER1	GNAS	1	0.112	8.9	0.1062	0.1316	True
PIK3CA	AMER1	RNF43	1	0.152	6.56	0.1414	0.1667	True
PIK3CA	AMER1	B2M	1	0.04	24.93	0.03932	0.0635	True
PIK3CA	AMER1	ELF3	1	0.024	41.55	0.02378	0.04555	True
PIK3CA	AMER1	AXIN2	1	0.104	9.59	0.09904	0.1248	True
PIK3CA	AMER1	MAP2K4	1	0.152	6.56	0.1414	0.1667	True
PIK3CA	ATM	ERBB2	1	0.313	3.2	0.2687	0.2932	True
PIK3CA	ATM	ERBB3	1	0.428	2.34	0.3483	0.3706	True
PIK3CA	ATM	GNAS	1	0.231	4.34	0.2059	0.2318	True
PIK3CA	ATM	BMPR1A	1	0.115	8.67	0.1089	0.1342	True
PIK3CA	ATM	B2M	1	0.082	12.14	0.07904	0.1046	True
PIK3CA	ATM	ELF3	1	0.049	20.24	0.0482	0.07274	True
PIK3CA	KMT2C	ERBB2	1	0.313	3.2	0.2687	0.2932	True
PIK3CA	KMT2C	GNAS	1	0.231	4.34	0.2059	0.2318	True
PIK3CA	KMT2C	BMPR1A	1	0.115	8.67	0.1089	0.1342	True
PIK3CA	KMT2C	B2M	1	0.082	12.14	0.07904	0.1046	True
PIK3CA	KMT2C	AXIN2	1	0.214	4.67	0.1927	0.2188	True
PIK3CA	KMT2D	ERBB2	1	0.361	2.77	0.303	0.3279	True
PIK3CA	ERBB2	PTEN	1	0.136	7.33	0.1275	0.1525	True
PIK3CA	ERBB2	RNF43	1	0.152	6.56	0.1414	0.1667	True
PIK3CA	ERBB2	MSH6	1	0.152	6.56	0.1414	0.1667	True
PIK3CA	ERBB2	CDC27	1	0.072	13.85	0.06966	0.09471	True
PIK3CA	ERBB3	ACVR2A	1	0.121	8.28	0.1138	0.1391	True
PIK3CA	ERBB3	GNAS	1	0.154	6.51	0.1425	0.1679	True
PIK3CA	ERBB3	TGFBR2	1	0.121	8.28	0.1138	0.1391	True
PIK3CA	ERBB3	CASP8	1	0.099	10.12	0.09408	0.1198	True
PIK3CA	ERBB3	PCBP1	1	0.274	3.64	0.24	0.2653	True
PIK3CA	ERBB3	AXIN2	1	0.143	7.01	0.133	0.1584	True
PIK3CA	PTEN	ACVR2A	1	0.079	12.66	0.07592	0.1014	True
PIK3CA	PTEN	GNAS	1	0.1	9.95	0.09561	0.1215	True
PIK3CA	PTEN	RNF43	1	0.136	7.33	0.1275	0.1525	True
PIK3CA	PTEN	ELF3	1	0.022	46.44	0.0213	0.04239	True
PIK3CA	PTEN	AXIN2	1	0.093	10.72	0.0891	0.1148	True
PIK3CA	ACVR2A	BMPR1A	1	0.033	30.76	0.03199	0.05488	True
PIK3CA	ACVR2A	CASP8	1	0.042	23.92	0.04094	0.06518	True
PIK3CA	ACVR2A	PCBP1	1	0.116	8.61	0.1096	0.1348	True
PIK3CA	ACVR2A	AXIN2	1	0.06	16.56	0.0586	0.08276	True
PIK3CA	ACVR2A	CDC27	1	0.042	23.92	0.04094	0.06518	True
PIK3CA	GNAS	RNF43	1	0.112	8.9	0.1062	0.1316	True
PIK3CA	GNAS	B2M	1	0.03	33.83	0.02913	0.0513	True
PIK3CA	GNAS	MSH6	1	0.112	8.9	0.1062	0.1316	True
PIK3CA	GNAS	CASP8	1	0.053	18.8	0.05181	0.07649	True
PIK3CA	GNAS	ELF3	1	0.018	56.39	0.01758	0.03768	True
PIK3CA	GNAS	PCBP1	1	0.148	6.77	0.1374	0.1627	True
PIK3CA	GNAS	AXIN2	1	0.077	13.01	0.07397	0.09964	True
PIK3CA	GNAS	CDC27	1	0.053	18.8	0.05181	0.07649	True
PIK3CA	BMPR1A	TGFBR2	1	0.033	30.76	0.03199	0.05488	True
PIK3CA	BMPR1A	PCBP1	1	0.074	13.53	0.07123	0.09662	True
PIK3CA	BMPR1A	AXIN2	1	0.038	26.02	0.0377	0.06166	True
PIK3CA	BMPR1A	MAP2K4	1	0.056	17.81	0.05461	0.07895	True
PIK3CA	TGFBR2	POLE	1	0.139	7.18	0.1301	0.155	True
PIK3CA	TGFBR2	PCBP1	1	0.116	8.61	0.1096	0.1348	True
PIK3CA	TGFBR2	AXIN2	1	0.06	16.56	0.0586	0.08276	True
PIK3CA	RNF43	B2M	1	0.04	24.93	0.03932	0.0635	True
PIK3CA	RNF43	CASP8	1	0.072	13.85	0.06966	0.09471	True
PIK3CA	RNF43	ELF3	1	0.024	41.55	0.02378	0.04555	True
PIK3CA	RNF43	AXIN2	1	0.104	9.59	0.09904	0.1248	True
PIK3CA	B2M	MSH6	1	0.04	24.93	0.03932	0.0635	True
PIK3CA	B2M	PCBP1	1	0.053	18.95	0.05141	0.07605	True
PIK3CA	B2M	CDC27	1	0.019	52.63	0.01882	0.03921	True
PIK3CA	POLE	ELF3	1	0.038	26.31	0.03729	0.06113	True
PIK3CA	MSH6	ELF3	1	0.024	41.55	0.02378	0.04555	True
PIK3CA	MSH6	PCBP1	1	0.201	4.99	0.1817	0.2077	True
PIK3CA	MSH6	AXIN2	1	0.104	9.59	0.09904	0.1248	True
PIK3CA	MSH6	MAP2K4	1	0.152	6.56	0.1414	0.1667	True
PIK3CA	CASP8	PCBP1	1	0.095	10.53	0.09063	0.1163	True
PIK3CA	CASP8	AXIN2	1	0.049	20.24	0.0482	0.07274	True
PIK3CA	CASP8	CDC27	1	0.034	29.24	0.03362	0.05684	True
PIK3CA	ELF3	CDC27	1	0.011	87.71	0.01134	0.02792	True
PIK3CA	PCBP1	AXIN2	1	0.137	7.29	0.1282	0.1531	True
PIK3CA	PCBP1	MAP2K4	1	0.201	4.99	0.1817	0.2077	True
PIK3CA	AXIN2	MAP2K4	1	0.104	9.59	0.09904	0.1248	True
PIK3CA	AXIN2	CDC27	1	0.049	20.24	0.0482	0.07274	True
FBXW7	SMAD4	TCF7L2	1	0.221	4.53	0.1979	0.2241	True
FBXW7	SMAD4	BRAF	1	0.498	2.01	0.3924	0.4138	True
FBXW7	SMAD4	SOX9	1	0.163	6.12	0.1507	0.1766	True
FBXW7	SMAD4	ACVR2A	1	0.09	11.13	0.08593	0.1114	True
FBXW7	SMAD4	GNAS	1	0.114	8.74	0.1081	0.1336	True
FBXW7	SMAD4	RNF43	1	0.155	6.44	0.1438	0.1691	True
FBXW7	SMAD4	MSH6	1	0.155	6.44	0.1438	0.1691	True
FBXW7	SMAD4	PCBP1	1	0.204	4.9	0.1847	0.2104	True
FBXW7	SMAD4	MAP2K4	1	0.155	6.44	0.1438	0.1691	True
FBXW7	TCF7L2	BRAF	1	0.245	4.09	0.217	0.2425	True
FBXW7	TCF7L2	SOX9	1	0.08	12.47	0.07707	0.1025	True
FBXW7	TCF7L2	ARID1A	1	0.068	14.67	0.0659	0.09056	True
FBXW7	TCF7L2	AMER1	1	0.076	13.13	0.07336	0.09897	True
FBXW7	TCF7L2	KMT2C	1	0.156	6.39	0.1448	0.1702	True
FBXW7	TCF7L2	ERBB2	1	0.076	13.13	0.07336	0.09897	True
FBXW7	TCF7L2	ERBB3	1	0.104	9.59	0.09901	0.1248	True
FBXW7	TCF7L2	ACVR2A	1	0.044	22.67	0.04315	0.06738	True
FBXW7	TCF7L2	POLE	1	0.12	8.31	0.1133	0.1388	True
FBXW7	TCF7L2	CASP8	1	0.036	27.71	0.03545	0.05914	True
FBXW7	TCF7L2	CDC27	1	0.036	27.71	0.03545	0.05914	True
FBXW7	NRAS	AMER1	1	0.102	9.84	0.0966	0.1225	True
FBXW7	NRAS	ATM	1	0.209	4.8	0.1882	0.2139	True
FBXW7	NRAS	KMT2D	1	0.241	4.16	0.2138	0.2396	True
FBXW7	NRAS	PTEN	1	0.091	11	0.08688	0.1125	True
FBXW7	NRAS	B2M	1	0.027	37.41	0.02638	0.04843	True
FBXW7	NRAS	POLE	1	0.16	6.23	0.1482	0.1738	True
FBXW7	NRAS	CDC27	1	0.048	20.78	0.04698	0.07145	True
FBXW7	SMAD2	BRAF	1	0.136	7.36	0.1271	0.1523	True
FBXW7	SMAD2	AMER1	1	0.042	23.63	0.04144	0.06555	True
FBXW7	SMAD2	ATM	1	0.087	11.51	0.08321	0.1088	True
FBXW7	SMAD2	KMT2C	1	0.087	11.51	0.08321	0.1088	True
FBXW7	SMAD2	ERBB2	1	0.042	23.63	0.04144	0.06555	True
FBXW7	SMAD2	RNF43	1	0.042	23.63	0.04144	0.06555	True
FBXW7	SMAD2	POLE	1	0.067	14.96	0.06465	0.08934	True
FBXW7	SMAD2	MSH6	1	0.042	23.63	0.04144	0.06555	True
FBXW7	SMAD2	PCBP1	1	0.056	17.96	0.05417	0.07866	True
FBXW7	SMAD2	AXIN2	1	0.029	34.53	0.02855	0.05063	True
FBXW7	SMAD2	MAP2K4	1	0.042	23.63	0.04144	0.06555	True
FBXW7	SMAD2	CDC27	1	0.02	49.88	0.01985	0.04049	True
FBXW7	CTNNB1	ARID1A	1	0.078	12.78	0.07528	0.1008	True
FBXW7	CTNNB1	PTEN	1	0.078	12.78	0.07528	0.1008	True
FBXW7	CTNNB1	ACVR2A	1	0.051	19.75	0.04938	0.07402	True
FBXW7	CTNNB1	GNAS	1	0.064	15.51	0.06242	0.08695	True
FBXW7	CTNNB1	RNF43	1	0.087	11.43	0.08376	0.1095	True
FBXW7	CTNNB1	PCBP1	1	0.115	8.69	0.1087	0.1342	True
FBXW7	CTNNB1	AXIN2	1	0.06	16.71	0.0581	0.0822	True
FBXW7	BRAF	ERBB2	1	0.172	5.81	0.1581	0.184	True
FBXW7	BRAF	PTEN	1	0.154	6.49	0.1427	0.1682	True
FBXW7	BRAF	ACVR2A	1	0.1	10.03	0.09485	0.1207	True
FBXW7	BRAF	GNAS	1	0.127	7.88	0.1191	0.1443	True
FBXW7	BRAF	TGFBR2	1	0.1	10.03	0.09485	0.1207	True
FBXW7	BRAF	RNF43	1	0.172	5.81	0.1581	0.184	True
FBXW7	BRAF	B2M	1	0.045	22.08	0.04429	0.0686	True
FBXW7	BRAF	PCBP1	1	0.226	4.42	0.2027	0.229	True
FBXW7	BRAF	MAP2K4	1	0.172	5.81	0.1581	0.184	True
FBXW7	SOX9	ARID1A	1	0.05	19.8	0.04924	0.07402	True
FBXW7	SOX9	AMER1	1	0.056	17.72	0.05487	0.07921	True
FBXW7	SOX9	KMT2D	1	0.134	7.48	0.1251	0.1504	True
FBXW7	SOX9	ERBB3	1	0.077	12.95	0.07432	0.09998	True
FBXW7	SOX9	ACVR2A	1	0.033	30.61	0.03215	0.05508	True
FBXW7	SOX9	POLE	1	0.089	11.22	0.08526	0.1108	True
FBXW7	SOX9	CDC27	1	0.027	37.41	0.02638	0.04843	True
FBXW7	ARID1A	KMT2C	1	0.098	10.16	0.09377	0.1195	True
FBXW7	ARID1A	KMT2D	1	0.114	8.8	0.1074	0.133	True
FBXW7	ARID1A	ACVR2A	1	0.028	36.01	0.02739	0.04939	True
FBXW7	ARID1A	TGFBR2	1	0.028	36.01	0.02739	0.04939	True
FBXW7	ARID1A	B2M	1	0.013	79.21	0.01254	0.02988	True
FBXW7	ARID1A	MSH6	1	0.048	20.85	0.04684	0.07131	True
FBXW7	ARID1A	CASP8	1	0.023	44.01	0.02247	0.04407	True
FBXW7	AMER1	KMT2D	1	0.127	7.88	0.1193	0.1443	True
FBXW7	AMER1	ERBB2	1	0.054	18.65	0.0522	0.07656	True
FBXW7	AMER1	RNF43	1	0.054	18.65	0.0522	0.07656	True
FBXW7	AMER1	PCBP1	1	0.071	14.18	0.06811	0.09299	True
FBXW7	AMER1	MAP2K4	1	0.054	18.65	0.0522	0.07656	True
FBXW7	ATM	ERBB2	1	0.11	9.09	0.1042	0.1298	True
FBXW7	ATM	ERBB3	1	0.151	6.64	0.1398	0.1653	True
FBXW7	ATM	TGFBR2	1	0.064	15.7	0.06173	0.0862	True
FBXW7	ATM	RNF43	1	0.11	9.09	0.1042	0.1298	True
FBXW7	ATM	PCBP1	1	0.145	6.91	0.1348	0.1601	True
FBXW7	ATM	MAP2K4	1	0.11	9.09	0.1042	0.1298	True
FBXW7	KMT2C	PTEN	1	0.098	10.16	0.09377	0.1195	True
FBXW7	KMT2C	ACVR2A	1	0.064	15.7	0.06173	0.0862	True
FBXW7	KMT2C	RNF43	1	0.11	9.09	0.1042	0.1298	True
FBXW7	KMT2C	B2M	1	0.029	34.53	0.02855	0.05063	True
FBXW7	KMT2C	PCBP1	1	0.145	6.91	0.1348	0.1601	True
FBXW7	KMT2D	GNAS	1	0.094	10.69	0.08932	0.1149	True
FBXW7	KMT2D	TGFBR2	1	0.074	13.6	0.07088	0.09618	True
FBXW7	KMT2D	RNF43	1	0.127	7.88	0.1193	0.1443	True
FBXW7	KMT2D	MSH6	1	0.127	7.88	0.1193	0.1443	True
FBXW7	KMT2D	PCBP1	1	0.167	5.99	0.1539	0.1798	True
FBXW7	KMT2D	MAP2K4	1	0.127	7.88	0.1193	0.1443	True
FBXW7	KMT2D	CDC27	1	0.06	16.63	0.05838	0.08255	True
FBXW7	ERBB2	PTEN	1	0.048	20.85	0.04684	0.07131	True
FBXW7	ERBB2	RNF43	1	0.054	18.65	0.0522	0.07656	True
FBXW7	ERBB2	POLE	1	0.085	11.81	0.08117	0.1068	True
FBXW7	ERBB2	MSH6	1	0.054	18.65	0.0522	0.07656	True
FBXW7	ERBB2	PCBP1	1	0.071	14.18	0.06811	0.09299	True
FBXW7	ERBB2	AXIN2	1	0.037	27.26	0.03602	0.05968	True
FBXW7	ERBB2	MAP2K4	1	0.054	18.65	0.0522	0.07656	True
FBXW7	ERBB2	CDC27	1	0.025	39.38	0.02508	0.047	True
FBXW7	ERBB3	TGFBR2	1	0.042	23.54	0.04159	0.06571	True
FBXW7	ERBB3	CASP8	1	0.035	28.77	0.03416	0.05754	True
FBXW7	PTEN	RNF43	1	0.048	20.85	0.04684	0.07131	True
FBXW7	PTEN	B2M	1	0.013	79.21	0.01254	0.02988	True
FBXW7	PTEN	MSH6	1	0.048	20.85	0.04684	0.07131	True
FBXW7	PTEN	PCBP1	1	0.063	15.84	0.06117	0.08555	True
FBXW7	PTEN	AXIN2	1	0.033	30.47	0.03229	0.05521	True
FBXW7	PTEN	MAP2K4	1	0.048	20.85	0.04684	0.07131	True
FBXW7	ACVR2A	MSH6	1	0.031	32.22	0.03056	0.05308	True
FBXW7	ACVR2A	CASP8	1	0.015	68.01	0.0146	0.03316	True
FBXW7	ACVR2A	AXIN2	1	0.021	47.09	0.02101	0.0421	True
FBXW7	ACVR2A	CDC27	1	0.015	68.01	0.0146	0.03316	True
FBXW7	GNAS	RNF43	1	0.04	25.31	0.03874	0.06287	True
FBXW7	GNAS	B2M	1	0.01	96.19	0.01034	0.02647	True
FBXW7	GNAS	CASP8	1	0.019	53.44	0.01854	0.03879	True
FBXW7	GNAS	PCBP1	1	0.052	19.24	0.05065	0.07504	True
FBXW7	RNF43	B2M	1	0.014	70.88	0.01401	0.03225	True
FBXW7	RNF43	MSH6	1	0.054	18.65	0.0522	0.07656	True
FBXW7	RNF43	CASP8	1	0.025	39.38	0.02508	0.047	True
FBXW7	RNF43	AXIN2	1	0.037	27.26	0.03602	0.05968	True
FBXW7	RNF43	MAP2K4	1	0.054	18.65	0.0522	0.07656	True
FBXW7	RNF43	CDC27	1	0.025	39.38	0.02508	0.047	True
FBXW7	B2M	MSH6	1	0.014	70.88	0.01401	0.03225	True
FBXW7	B2M	PCBP1	1	0.019	53.87	0.01839	0.03862	True
FBXW7	POLE	MAP2K4	1	0.085	11.81	0.08117	0.1068	True
FBXW7	MSH6	PCBP1	1	0.071	14.18	0.06811	0.09299	True
FBXW7	MSH6	MAP2K4	1	0.054	18.65	0.0522	0.07656	True
FBXW7	CASP8	PCBP1	1	0.033	29.93	0.03286	0.05591	True
FBXW7	CASP8	AXIN2	1	0.017	57.55	0.01723	0.03705	True
FBXW7	CASP8	CDC27	1	0.012	83.13	0.01196	0.02905	True
FBXW7	PCBP1	AXIN2	1	0.048	20.72	0.04712	0.07155	True
FBXW7	PCBP1	MAP2K4	1	0.071	14.18	0.06811	0.09299	True
FBXW7	PCBP1	CDC27	1	0.033	29.93	0.03286	0.05591	True
FBXW7	AXIN2	MAP2K4	1	0.037	27.26	0.03602	0.05968	True
FBXW7	AXIN2	CDC27	1	0.017	57.55	0.01723	0.03705	True
FBXW7	MAP2K4	CDC27	1	0.025	39.38	0.02508	0.047	True
SMAD4	TCF7L2	CTNNB1	1	0.134	7.46	0.1255	0.1506	True
SMAD4	TCF7L2	SOX9	1	0.086	11.56	0.08285	0.1085	True
SMAD4	TCF7L2	ARID1A	1	0.074	13.6	0.07088	0.09618	True
SMAD4	TCF7L2	AMER1	1	0.082	12.17	0.07888	0.1045	True
SMAD4	TCF7L2	ATM	1	0.169	5.93	0.1552	0.181	True
SMAD4	TCF7L2	ACVR2A	1	0.048	21.02	0.04646	0.07098	True
SMAD4	TCF7L2	POLE	1	0.13	7.71	0.1217	0.1469	True
SMAD4	TCF7L2	CDC27	1	0.039	25.69	0.03817	0.06213	True
SMAD4	NRAS	SMAD2	1	0.086	11.56	0.08285	0.1085	True
SMAD4	NRAS	AMER1	1	0.11	9.13	0.1038	0.1297	True
SMAD4	NRAS	KMT2D	1	0.259	3.85	0.2285	0.2535	True
SMAD4	NRAS	ERBB2	1	0.11	9.13	0.1038	0.1297	True
SMAD4	NRAS	ERBB3	1	0.15	6.67	0.1392	0.1647	True
SMAD4	NRAS	RNF43	1	0.11	9.13	0.1038	0.1297	True
SMAD4	NRAS	POLE	1	0.173	5.78	0.1588	0.1848	True
SMAD4	NRAS	PCBP1	1	0.144	6.94	0.1342	0.1596	True
SMAD4	NRAS	MAP2K4	1	0.11	9.13	0.1038	0.1297	True
SMAD4	NRAS	CDC27	1	0.052	19.27	0.05057	0.075	True
SMAD4	SMAD2	AMER1	1	0.046	21.91	0.04462	0.06894	True
SMAD4	SMAD2	ERBB2	1	0.046	21.91	0.04462	0.06894	True
SMAD4	SMAD2	ERBB3	1	0.062	16.01	0.06055	0.08473	True
SMAD4	SMAD2	RNF43	1	0.046	21.91	0.04462	0.06894	True
SMAD4	SMAD2	POLE	1	0.072	13.87	0.06954	0.09463	True
SMAD4	SMAD2	MAP2K4	1	0.046	21.91	0.04462	0.06894	True
SMAD4	SMAD2	CDC27	1	0.022	46.25	0.02139	0.04239	True
SMAD4	CTNNB1	ARID1A	1	0.084	11.85	0.08094	0.1066	True
SMAD4	CTNNB1	AMER1	1	0.094	10.6	0.09002	0.1156	True
SMAD4	CTNNB1	ATM	1	0.194	5.16	0.176	0.2023	True
SMAD4	CTNNB1	ERBB3	1	0.129	7.75	0.1211	0.1463	True
SMAD4	CTNNB1	PTEN	1	0.084	11.85	0.08094	0.1066	True
SMAD4	CTNNB1	ACVR2A	1	0.055	18.31	0.05315	0.07733	True
SMAD4	CTNNB1	GNAS	1	0.07	14.39	0.06715	0.09202	True
SMAD4	CTNNB1	RNF43	1	0.094	10.6	0.09002	0.1156	True
SMAD4	CTNNB1	MAP2K4	1	0.094	10.6	0.09002	0.1156	True
SMAD4	CTNNB1	CDC27	1	0.045	22.38	0.0437	0.06795	True
SMAD4	BRAF	ARID1A	1	0.166	6.02	0.153	0.179	True
SMAD4	BRAF	AMER1	1	0.186	5.39	0.1694	0.1957	True
SMAD4	BRAF	ERBB2	1	0.186	5.39	0.1694	0.1957	True
SMAD4	BRAF	ERBB3	1	0.254	3.94	0.2243	0.2498	True
SMAD4	BRAF	PTEN	1	0.166	6.02	0.153	0.179	True
SMAD4	BRAF	RNF43	1	0.186	5.39	0.1694	0.1957	True
SMAD4	BRAF	B2M	1	0.049	20.47	0.04768	0.07224	True
SMAD4	BRAF	CASP8	1	0.088	11.37	0.08418	0.1097	True
SMAD4	BRAF	PCBP1	1	0.244	4.09	0.2167	0.2424	True
SMAD4	BRAF	CDC27	1	0.088	11.37	0.08418	0.1097	True
SMAD4	SOX9	ARID1A	1	0.054	18.36	0.053	0.07719	True
SMAD4	SOX9	AMER1	1	0.061	16.43	0.05905	0.08326	True
SMAD4	SOX9	ACVR2A	1	0.035	28.38	0.03462	0.05816	True
SMAD4	SOX9	POLE	1	0.096	10.41	0.09163	0.1173	True
SMAD4	SOX9	PCBP1	1	0.08	12.49	0.07696	0.1024	True
SMAD4	SOX9	AXIN2	1	0.042	24.01	0.04079	0.06501	True
SMAD4	SOX9	CDC27	1	0.029	34.69	0.02842	0.05053	True
SMAD4	ARID1A	KMT2C	1	0.106	9.42	0.1007	0.1266	True
SMAD4	ARID1A	KMT2D	1	0.123	8.16	0.1153	0.1403	True
SMAD4	ARID1A	ACVR2A	1	0.03	33.39	0.02951	0.05167	True
SMAD4	ARID1A	B2M	1	0.014	73.45	0.01352	0.03151	True
SMAD4	ARID1A	MSH6	1	0.052	19.33	0.05042	0.07492	True
SMAD4	ARID1A	CASP8	1	0.025	40.81	0.02421	0.04607	True
SMAD4	AMER1	KMT2C	1	0.119	8.43	0.1119	0.1372	True
SMAD4	AMER1	KMT2D	1	0.137	7.3	0.128	0.1528	True
SMAD4	AMER1	ERBB2	1	0.058	17.3	0.05618	0.08018	True
SMAD4	AMER1	ERBB3	1	0.079	12.64	0.07607	0.1014	True
SMAD4	AMER1	ACVR2A	1	0.033	29.87	0.03292	0.05591	True
SMAD4	AMER1	RNF43	1	0.058	17.3	0.05618	0.08018	True
SMAD4	AMER1	B2M	1	0.015	65.72	0.0151	0.03393	True
SMAD4	AMER1	MSH6	1	0.058	17.3	0.05618	0.08018	True
SMAD4	AMER1	CASP8	1	0.027	36.51	0.02702	0.04893	True
SMAD4	AMER1	MAP2K4	1	0.058	17.3	0.05618	0.08018	True
SMAD4	ATM	KMT2D	1	0.281	3.56	0.245	0.2703	True
SMAD4	ATM	ACVR2A	1	0.069	14.55	0.0664	0.09117	True
SMAD4	ATM	RNF43	1	0.119	8.43	0.1119	0.1372	True
SMAD4	ATM	B2M	1	0.031	32.02	0.03075	0.05331	True
SMAD4	ATM	MSH6	1	0.119	8.43	0.1119	0.1372	True
SMAD4	ATM	CASP8	1	0.056	17.79	0.05467	0.07895	True
SMAD4	ATM	AXIN2	1	0.081	12.31	0.07799	0.1036	True
SMAD4	KMT2C	RNF43	1	0.119	8.43	0.1119	0.1372	True
SMAD4	KMT2C	B2M	1	0.031	32.02	0.03075	0.05331	True
SMAD4	KMT2C	MSH6	1	0.119	8.43	0.1119	0.1372	True
SMAD4	KMT2C	CASP8	1	0.056	17.79	0.05467	0.07895	True
SMAD4	KMT2C	CDC27	1	0.056	17.79	0.05467	0.07895	True
SMAD4	KMT2D	ERBB2	1	0.137	7.3	0.128	0.1528	True
SMAD4	KMT2D	ERBB3	1	0.187	5.34	0.1709	0.1973	True
SMAD4	KMT2D	PTEN	1	0.123	8.16	0.1153	0.1403	True
SMAD4	KMT2D	ACVR2A	1	0.079	12.61	0.07622	0.1016	True
SMAD4	KMT2D	GNAS	1	0.101	9.91	0.09598	0.1219	True
SMAD4	KMT2D	RNF43	1	0.137	7.3	0.128	0.1528	True
SMAD4	KMT2D	CDC27	1	0.065	15.42	0.06281	0.08734	True
SMAD4	ERBB2	ERBB3	1	0.079	12.64	0.07607	0.1014	True
SMAD4	ERBB2	RNF43	1	0.058	17.3	0.05618	0.08018	True
SMAD4	ERBB2	POLE	1	0.091	10.95	0.08725	0.1128	True
SMAD4	ERBB2	CDC27	1	0.027	36.51	0.02702	0.04893	True
SMAD4	ERBB3	PTEN	1	0.071	14.13	0.06835	0.09322	True
SMAD4	ERBB3	ACVR2A	1	0.046	21.83	0.04477	0.06906	True
SMAD4	ERBB3	RNF43	1	0.079	12.64	0.07607	0.1014	True
SMAD4	ERBB3	MSH6	1	0.079	12.64	0.07607	0.1014	True
SMAD4	ERBB3	PCBP1	1	0.104	9.61	0.09887	0.1248	True
SMAD4	ERBB3	CDC27	1	0.037	26.68	0.03678	0.06061	True
SMAD4	PTEN	ACVR2A	1	0.03	33.39	0.02951	0.05167	True
SMAD4	PTEN	POLE	1	0.082	12.24	0.07844	0.104	True
SMAD4	PTEN	MSH6	1	0.052	19.33	0.05042	0.07492	True
SMAD4	PTEN	PCBP1	1	0.068	14.69	0.06581	0.09052	True
SMAD4	PTEN	MAP2K4	1	0.052	19.33	0.05042	0.07492	True
SMAD4	ACVR2A	PCBP1	1	0.044	22.7	0.04309	0.06732	True
SMAD4	ACVR2A	MAP2K4	1	0.033	29.87	0.03292	0.05591	True
SMAD4	ACVR2A	CDC27	1	0.016	63.07	0.01573	0.03486	True
SMAD4	GNAS	RNF43	1	0.043	23.47	0.04171	0.06576	True
SMAD4	GNAS	B2M	1	0.011	89.19	0.01115	0.02767	True
SMAD4	GNAS	POLE	1	0.067	14.87	0.06506	0.08966	True
SMAD4	GNAS	CASP8	1	0.02	49.55	0.01998	0.04069	True
SMAD4	GNAS	PCBP1	1	0.056	17.84	0.05452	0.07895	True
SMAD4	RNF43	B2M	1	0.015	65.72	0.0151	0.03393	True
SMAD4	RNF43	CASP8	1	0.027	36.51	0.02702	0.04893	True
SMAD4	RNF43	PCBP1	1	0.076	13.14	0.07326	0.09897	True
SMAD4	RNF43	CDC27	1	0.027	36.51	0.02702	0.04893	True
SMAD4	B2M	MSH6	1	0.015	65.72	0.0151	0.03393	True
SMAD4	B2M	PCBP1	1	0.02	49.95	0.01982	0.04049	True
SMAD4	B2M	CDC27	1	0.007	138.8	0.007182	0.02038	True
SMAD4	MSH6	CASP8	1	0.027	36.51	0.02702	0.04893	True
SMAD4	MSH6	PCBP1	1	0.076	13.14	0.07326	0.09897	True
SMAD4	MSH6	MAP2K4	1	0.058	17.3	0.05618	0.08018	True
SMAD4	MSH6	CDC27	1	0.027	36.51	0.02702	0.04893	True
SMAD4	CASP8	PCBP1	1	0.036	27.75	0.0354	0.05912	True
SMAD4	CASP8	CDC27	1	0.013	77.08	0.01289	0.03051	True
SMAD4	PCBP1	MAP2K4	1	0.076	13.14	0.07326	0.09897	True
SMAD4	MAP2K4	CDC27	1	0.027	36.51	0.02702	0.04893	True
TCF7L2	NRAS	SMAD2	1	0.042	23.55	0.04157	0.06571	True
TCF7L2	NRAS	ATM	1	0.11	9.06	0.1045	0.1299	True
TCF7L2	NRAS	KMT2C	1	0.11	9.06	0.1045	0.1299	True
TCF7L2	NRAS	KMT2D	1	0.127	7.85	0.1196	0.1446	True
TCF7L2	NRAS	POLE	1	0.085	11.78	0.08141	0.107	True
TCF7L2	NRAS	MSH6	1	0.054	18.59	0.05236	0.0766	True
TCF7L2	SMAD2	CTNNB1	1	0.037	27.35	0.0359	0.05968	True
TCF7L2	SMAD2	KMT2D	1	0.053	18.84	0.05169	0.07638	True
TCF7L2	SMAD2	ERBB2	1	0.022	44.63	0.02216	0.0435	True
TCF7L2	SMAD2	PTEN	1	0.02	49.88	0.01985	0.04049	True
TCF7L2	CTNNB1	ARID1A	1	0.041	24.13	0.04059	0.06487	True
TCF7L2	CTNNB1	ATM	1	0.095	10.52	0.09068	0.1163	True
TCF7L2	CTNNB1	KMT2D	1	0.11	9.12	0.1039	0.1298	True
TCF7L2	CTNNB1	ERBB2	1	0.046	21.59	0.04525	0.06955	True
TCF7L2	CTNNB1	PTEN	1	0.041	24.13	0.04059	0.06487	True
TCF7L2	CTNNB1	GNAS	1	0.034	29.31	0.03355	0.05681	True
TCF7L2	CTNNB1	POLE	1	0.073	13.68	0.07051	0.09578	True
TCF7L2	CTNNB1	MSH6	1	0.046	21.59	0.04525	0.06955	True
TCF7L2	CTNNB1	ELF3	1	0.007	136.8	0.007286	0.02064	True
TCF7L2	CTNNB1	CDC27	1	0.022	45.59	0.0217	0.04291	True
TCF7L2	BRAF	KMT2D	1	0.216	4.63	0.1941	0.2204	True
TCF7L2	BRAF	ERBB3	1	0.125	8.02	0.1172	0.1424	True
TCF7L2	BRAF	MSH6	1	0.091	10.97	0.0871	0.1127	True
TCF7L2	BRAF	CASP8	1	0.043	23.17	0.04225	0.06618	True
TCF7L2	SOX9	ARID1A	1	0.027	37.41	0.02638	0.04843	True
TCF7L2	SOX9	AMER1	1	0.03	33.47	0.02944	0.05161	True
TCF7L2	SOX9	ATM	1	0.061	16.31	0.05949	0.08355	True
TCF7L2	SOX9	ACVR2A	1	0.017	57.81	0.01715	0.03705	True
TCF7L2	SOX9	POLE	1	0.047	21.2	0.04608	0.07067	True
TCF7L2	SOX9	CDC27	1	0.014	70.66	0.01405	0.03228	True
TCF7L2	ARID1A	KMT2C	1	0.052	19.18	0.05079	0.07521	True
TCF7L2	ARID1A	ERBB3	1	0.035	28.77	0.03416	0.05754	True
TCF7L2	ARID1A	ACVR2A	1	0.015	68.01	0.0146	0.03316	True
TCF7L2	ARID1A	GNAS	1	0.019	53.44	0.01854	0.03879	True
TCF7L2	ARID1A	RNF43	1	0.025	39.38	0.02508	0.047	True
TCF7L2	ARID1A	MSH6	1	0.025	39.38	0.02508	0.047	True
TCF7L2	ARID1A	ELF3	1	0.004	249.4	0.004002	0.01326	True
TCF7L2	ARID1A	AXIN2	1	0.017	57.55	0.01723	0.03705	True
TCF7L2	ARID1A	MAP2K4	1	0.025	39.38	0.02508	0.047	True
TCF7L2	AMER1	KMT2D	1	0.067	14.88	0.06502	0.08964	True
TCF7L2	AMER1	ERBB2	1	0.028	35.23	0.02799	0.04994	True
TCF7L2	AMER1	ACVR2A	1	0.016	60.85	0.0163	0.03574	True
TCF7L2	AMER1	GNAS	1	0.021	47.81	0.0207	0.04172	True
TCF7L2	AMER1	ELF3	1	0.004	223.1	0.004472	0.01449	True
TCF7L2	ATM	ERBB2	1	0.058	17.16	0.0566	0.08058	True
TCF7L2	ATM	ACVR2A	1	0.034	29.65	0.03317	0.0563	True
TCF7L2	ATM	GNAS	1	0.043	23.29	0.04202	0.06606	True
TCF7L2	ATM	RNF43	1	0.058	17.16	0.0566	0.08058	True
TCF7L2	ATM	CASP8	1	0.028	36.23	0.02722	0.04914	True
TCF7L2	ATM	ELF3	1	0.009	108.7	0.009157	0.02436	True
TCF7L2	ATM	AXIN2	1	0.04	25.09	0.03908	0.06334	True
TCF7L2	ATM	MAP2K4	1	0.058	17.16	0.0566	0.08058	True
TCF7L2	KMT2C	GNAS	1	0.043	23.29	0.04202	0.06606	True
TCF7L2	KMT2C	CASP8	1	0.028	36.23	0.02722	0.04914	True
TCF7L2	KMT2C	ELF3	1	0.009	108.7	0.009157	0.02436	True
TCF7L2	KMT2C	CDC27	1	0.028	36.23	0.02722	0.04914	True
TCF7L2	KMT2D	GNAS	1	0.05	20.19	0.04833	0.07289	True
TCF7L2	KMT2D	BMPR1A	1	0.025	40.38	0.02446	0.04643	True
TCF7L2	KMT2D	TGFBR2	1	0.039	25.69	0.03817	0.06213	True
TCF7L2	KMT2D	RNF43	1	0.067	14.88	0.06502	0.08964	True
TCF7L2	KMT2D	CASP8	1	0.032	31.4	0.03134	0.05411	True
TCF7L2	KMT2D	ELF3	1	0.011	94.21	0.01056	0.02679	True
TCF7L2	KMT2D	PCBP1	1	0.088	11.31	0.08466	0.1101	True
TCF7L2	KMT2D	MAP2K4	1	0.067	14.88	0.06502	0.08964	True
TCF7L2	ERBB2	PTEN	1	0.025	39.38	0.02508	0.047	True
TCF7L2	ERBB2	POLE	1	0.045	22.31	0.04383	0.068	True
TCF7L2	ERBB2	MSH6	1	0.028	35.23	0.02799	0.04994	True
TCF7L2	ERBB3	PTEN	1	0.035	28.77	0.03416	0.05754	True
TCF7L2	ERBB3	RNF43	1	0.039	25.75	0.0381	0.06207	True
TCF7L2	ERBB3	POLE	1	0.061	16.31	0.05949	0.08355	True
TCF7L2	ERBB3	CASP8	1	0.018	54.35	0.01823	0.03839	True
TCF7L2	ERBB3	AXIN2	1	0.027	37.63	0.02623	0.0483	True
TCF7L2	ERBB3	MAP2K4	1	0.039	25.75	0.0381	0.06207	True
TCF7L2	ERBB3	CDC27	1	0.018	54.35	0.01823	0.03839	True
TCF7L2	PTEN	GNAS	1	0.019	53.44	0.01854	0.03879	True
TCF7L2	PTEN	RNF43	1	0.025	39.38	0.02508	0.047	True
TCF7L2	PTEN	ELF3	1	0.004	249.4	0.004002	0.01326	True
TCF7L2	PTEN	AXIN2	1	0.017	57.55	0.01723	0.03705	True
TCF7L2	PTEN	MAP2K4	1	0.025	39.38	0.02508	0.047	True
TCF7L2	ACVR2A	POLE	1	0.026	38.54	0.02561	0.04766	True
TCF7L2	ACVR2A	CDC27	1	0.008	128.5	0.007754	0.02167	True
TCF7L2	GNAS	POLE	1	0.033	30.28	0.03248	0.05549	True
TCF7L2	GNAS	MSH6	1	0.021	47.81	0.0207	0.04172	True
TCF7L2	GNAS	ELF3	1	0.003	302.8	0.003297	0.01136	True
TCF7L2	GNAS	CDC27	1	0.01	100.9	0.009858	0.02584	True
TCF7L2	BMPR1A	TGFBR2	1	0.006	165.2	0.006036	0.01828	True
TCF7L2	BMPR1A	POLE	1	0.017	60.56	0.01638	0.0358	True
TCF7L2	BMPR1A	PCBP1	1	0.014	72.68	0.01367	0.03165	True
TCF7L2	BMPR1A	AXIN2	1	0.007	139.8	0.007129	0.02033	True
TCF7L2	TGFBR2	POLE	1	0.026	38.54	0.02561	0.04766	True
TCF7L2	TGFBR2	PCBP1	1	0.022	46.25	0.02139	0.04239	True
TCF7L2	TGFBR2	AXIN2	1	0.011	88.94	0.01118	0.02767	True
TCF7L2	RNF43	POLE	1	0.045	22.31	0.04383	0.068	True
TCF7L2	RNF43	AXIN2	1	0.019	51.49	0.01923	0.03954	True
TCF7L2	RNF43	MAP2K4	1	0.028	35.23	0.02799	0.04994	True
TCF7L2	RNF43	CDC27	1	0.013	74.38	0.01336	0.03125	True
TCF7L2	POLE	CASP8	1	0.021	47.11	0.02101	0.0421	True
TCF7L2	POLE	ELF3	1	0.007	141.3	0.007051	0.02017	True
TCF7L2	POLE	PCBP1	1	0.059	16.96	0.05726	0.08137	True
TCF7L2	POLE	MAP2K4	1	0.045	22.31	0.04383	0.068	True
TCF7L2	MSH6	ELF3	1	0.004	223.1	0.004472	0.01449	True
TCF7L2	MSH6	CDC27	1	0.013	74.38	0.01336	0.03125	True
TCF7L2	ELF3	CDC27	1	0.002	471.1	0.002121	0.007988	True
TCF7L2	PCBP1	AXIN2	1	0.026	39.13	0.02523	0.04712	True
TCF7L2	AXIN2	MAP2K4	1	0.019	51.49	0.01923	0.03954	True
TCF7L2	AXIN2	CDC27	1	0.009	108.7	0.009157	0.02436	True
TCF7L2	MAP2K4	CDC27	1	0.013	74.38	0.01336	0.03125	True
NRAS	SMAD2	AMER1	1	0.03	33.47	0.02944	0.05161	True
NRAS	SMAD2	ATM	1	0.061	16.31	0.05949	0.08355	True
NRAS	SMAD2	KMT2C	1	0.061	16.31	0.05949	0.08355	True
NRAS	SMAD2	KMT2D	1	0.071	14.13	0.06832	0.09322	True
NRAS	SMAD2	ERBB2	1	0.03	33.47	0.02944	0.05161	True
NRAS	SMAD2	ERBB3	1	0.041	24.46	0.04006	0.06427	True
NRAS	SMAD2	RNF43	1	0.03	33.47	0.02944	0.05161	True
NRAS	SMAD2	MSH6	1	0.03	33.47	0.02944	0.05161	True
NRAS	SMAD2	MAP2K4	1	0.03	33.47	0.02944	0.05161	True
NRAS	SMAD2	CDC27	1	0.014	70.66	0.01405	0.03228	True
NRAS	CTNNB1	AMER1	1	0.062	16.19	0.05988	0.08403	True
NRAS	CTNNB1	KMT2D	1	0.146	6.84	0.1361	0.1615	True
NRAS	CTNNB1	ERBB2	1	0.062	16.19	0.05988	0.08403	True
NRAS	CTNNB1	PTEN	1	0.055	18.1	0.05375	0.07813	True
NRAS	CTNNB1	B2M	1	0.016	61.54	0.01612	0.03545	True
NRAS	CTNNB1	POLE	1	0.097	10.26	0.09289	0.1187	True
NRAS	CTNNB1	CDC27	1	0.029	34.19	0.02883	0.05097	True
NRAS	BRAF	KMT2C	1	0.249	4.01	0.2207	0.2465	True
NRAS	AMER1	ATM	1	0.078	12.87	0.07474	0.1002	True
NRAS	AMER1	ERBB2	1	0.038	26.42	0.03714	0.06095	True
NRAS	AMER1	ERBB3	1	0.052	19.31	0.05047	0.07492	True
NRAS	AMER1	PTEN	1	0.034	29.53	0.03329	0.05647	True
NRAS	AMER1	RNF43	1	0.038	26.42	0.03714	0.06095	True
NRAS	AMER1	B2M	1	0.01	100.4	0.00991	0.02593	True
NRAS	AMER1	MAP2K4	1	0.038	26.42	0.03714	0.06095	True
NRAS	ATM	KMT2C	1	0.159	6.27	0.1474	0.173	True
NRAS	ATM	KMT2D	1	0.184	5.44	0.1681	0.1944	True
NRAS	ATM	ERBB2	1	0.078	12.87	0.07474	0.1002	True
NRAS	ATM	ERBB3	1	0.106	9.41	0.1008	0.1267	True
NRAS	ATM	PTEN	1	0.07	14.39	0.06715	0.09202	True
NRAS	ATM	B2M	1	0.02	48.92	0.02024	0.0411	True
NRAS	ATM	MSH6	1	0.078	12.87	0.07474	0.1002	True
NRAS	ATM	CDC27	1	0.037	27.18	0.03613	0.05983	True
NRAS	KMT2C	KMT2D	1	0.184	5.44	0.1681	0.1944	True
NRAS	KMT2C	POLE	1	0.123	8.15	0.1154	0.1404	True
NRAS	KMT2C	MSH6	1	0.078	12.87	0.07474	0.1002	True
NRAS	KMT2D	POLE	1	0.142	7.07	0.132	0.1572	True
NRAS	KMT2D	MSH6	1	0.09	11.16	0.08573	0.1113	True
NRAS	ERBB2	ERBB3	1	0.052	19.31	0.05047	0.07492	True
NRAS	ERBB2	RNF43	1	0.038	26.42	0.03714	0.06095	True
NRAS	ERBB2	POLE	1	0.06	16.73	0.05801	0.08215	True
NRAS	ERBB2	MAP2K4	1	0.038	26.42	0.03714	0.06095	True
NRAS	ERBB2	CDC27	1	0.018	55.78	0.01777	0.03769	True
NRAS	ERBB3	RNF43	1	0.052	19.31	0.05047	0.07492	True
NRAS	ERBB3	POLE	1	0.082	12.23	0.07852	0.104	True
NRAS	ERBB3	MAP2K4	1	0.052	19.31	0.05047	0.07492	True
NRAS	ERBB3	CDC27	1	0.025	40.76	0.02423	0.04609	True
NRAS	PTEN	B2M	1	0.009	112.2	0.008871	0.02381	True
NRAS	PTEN	POLE	1	0.053	18.7	0.05206	0.07656	True
NRAS	PTEN	CDC27	1	0.016	62.34	0.01591	0.03513	True
NRAS	RNF43	POLE	1	0.06	16.73	0.05801	0.08215	True
NRAS	RNF43	MAP2K4	1	0.038	26.42	0.03714	0.06095	True
NRAS	RNF43	CDC27	1	0.018	55.78	0.01777	0.03769	True
NRAS	B2M	POLE	1	0.016	63.59	0.0156	0.03471	True
NRAS	B2M	CDC27	1	0.005	212	0.004706	0.01502	True
NRAS	POLE	MSH6	1	0.06	16.73	0.05801	0.08215	True
NRAS	POLE	MAP2K4	1	0.06	16.73	0.05801	0.08215	True
NRAS	MAP2K4	CDC27	1	0.018	55.78	0.01777	0.03769	True
SMAD2	CTNNB1	AMER1	1	0.026	38.87	0.0254	0.04738	True
SMAD2	CTNNB1	KMT2C	1	0.053	18.94	0.05144	0.07605	True
SMAD2	CTNNB1	KMT2D	1	0.061	16.41	0.05912	0.08332	True
SMAD2	BRAF	AMER1	1	0.051	19.75	0.04937	0.07402	True
SMAD2	BRAF	ATM	1	0.104	9.62	0.0987	0.1248	True
SMAD2	BRAF	KMT2C	1	0.104	9.62	0.0987	0.1248	True
SMAD2	BRAF	ERBB2	1	0.051	19.75	0.04937	0.07402	True
SMAD2	BRAF	PTEN	1	0.045	22.08	0.04429	0.0686	True
SMAD2	BRAF	RNF43	1	0.051	19.75	0.04937	0.07402	True
SMAD2	BRAF	POLE	1	0.08	12.51	0.07683	0.1023	True
SMAD2	BRAF	MSH6	1	0.051	19.75	0.04937	0.07402	True
SMAD2	BRAF	PCBP1	1	0.067	15.01	0.06444	0.08921	True
SMAD2	BRAF	AXIN2	1	0.035	28.87	0.03405	0.05746	True
SMAD2	BRAF	MAP2K4	1	0.051	19.75	0.04937	0.07402	True
SMAD2	BRAF	CDC27	1	0.024	41.7	0.0237	0.04555	True
SMAD2	AMER1	ERBB3	1	0.022	46.34	0.02135	0.04239	True
SMAD2	AMER1	PCBP1	1	0.021	48.2	0.02053	0.04157	True
SMAD2	AMER1	AXIN2	1	0.011	92.68	0.01073	0.02699	True
SMAD2	ATM	KMT2D	1	0.077	13.04	0.0738	0.09945	True
SMAD2	ATM	RNF43	1	0.032	30.89	0.03185	0.0547	True
SMAD2	ATM	PCBP1	1	0.043	23.48	0.0417	0.06576	True
SMAD2	ATM	AXIN2	1	0.022	45.15	0.0219	0.04323	True
SMAD2	ATM	MAP2K4	1	0.032	30.89	0.03185	0.0547	True
SMAD2	ATM	CDC27	1	0.015	65.22	0.01522	0.03405	True
SMAD2	KMT2C	KMT2D	1	0.077	13.04	0.0738	0.09945	True
SMAD2	KMT2C	RNF43	1	0.032	30.89	0.03185	0.0547	True
SMAD2	KMT2C	PCBP1	1	0.043	23.48	0.0417	0.06576	True
SMAD2	KMT2C	AXIN2	1	0.022	45.15	0.0219	0.04323	True
SMAD2	KMT2C	MAP2K4	1	0.032	30.89	0.03185	0.0547	True
SMAD2	KMT2C	CDC27	1	0.015	65.22	0.01522	0.03405	True
SMAD2	KMT2D	POLE	1	0.059	16.96	0.05726	0.08137	True
SMAD2	KMT2D	MSH6	1	0.037	26.78	0.03666	0.06044	True
SMAD2	ERBB2	ERBB3	1	0.022	46.34	0.02135	0.04239	True
SMAD2	ERBB2	PCBP1	1	0.021	48.2	0.02053	0.04157	True
SMAD2	ERBB2	AXIN2	1	0.011	92.68	0.01073	0.02699	True
SMAD2	ERBB3	RNF43	1	0.022	46.34	0.02135	0.04239	True
SMAD2	ERBB3	POLE	1	0.034	29.35	0.0335	0.05676	True
SMAD2	ERBB3	MAP2K4	1	0.022	46.34	0.02135	0.04239	True
SMAD2	ERBB3	CDC27	1	0.01	97.83	0.01017	0.02624	True
SMAD2	PTEN	RNF43	1	0.014	70.88	0.01401	0.03225	True
SMAD2	PTEN	PCBP1	1	0.019	53.87	0.01839	0.03862	True
SMAD2	PTEN	AXIN2	1	0.01	103.6	0.009607	0.0253	True
SMAD2	PTEN	MAP2K4	1	0.014	70.88	0.01401	0.03225	True
SMAD2	PTEN	CDC27	1	0.007	149.6	0.006661	0.0194	True
SMAD2	RNF43	MSH6	1	0.016	63.42	0.01565	0.03475	True
SMAD2	RNF43	PCBP1	1	0.021	48.2	0.02053	0.04157	True
SMAD2	RNF43	AXIN2	1	0.011	92.68	0.01073	0.02699	True
SMAD2	POLE	PCBP1	1	0.033	30.52	0.03223	0.05519	True
SMAD2	POLE	AXIN2	1	0.017	58.7	0.01689	0.03655	True
SMAD2	MSH6	PCBP1	1	0.021	48.2	0.02053	0.04157	True
SMAD2	MSH6	AXIN2	1	0.011	92.68	0.01073	0.02699	True
SMAD2	MSH6	MAP2K4	1	0.016	63.42	0.01565	0.03475	True
SMAD2	MSH6	CDC27	1	0.007	133.9	0.007442	0.02086	True
SMAD2	PCBP1	AXIN2	1	0.014	70.44	0.0141	0.03234	True
SMAD2	PCBP1	MAP2K4	1	0.021	48.2	0.02053	0.04157	True
SMAD2	PCBP1	CDC27	1	0.01	101.8	0.00978	0.02566	True
SMAD2	AXIN2	MAP2K4	1	0.011	92.68	0.01073	0.02699	True
SMAD2	AXIN2	CDC27	1	0.005	195.7	0.005098	0.01595	True
CTNNB1	BRAF	ARID1A	1	0.094	10.68	0.08937	0.1149	True
CTNNB1	BRAF	ERBB3	1	0.143	6.98	0.1334	0.1587	True
CTNNB1	BRAF	PTEN	1	0.094	10.68	0.08937	0.1149	True
CTNNB1	BRAF	B2M	1	0.028	36.32	0.02716	0.04912	True
CTNNB1	BRAF	PCBP1	1	0.138	7.26	0.1286	0.1534	True
CTNNB1	BRAF	AXIN2	1	0.072	13.97	0.06909	0.0941	True
CTNNB1	BRAF	MAP2K4	1	0.105	9.56	0.09934	0.1252	True
CTNNB1	BRAF	CDC27	1	0.05	20.18	0.04835	0.07289	True
CTNNB1	ARID1A	PTEN	1	0.026	38.33	0.02575	0.04788	True
CTNNB1	ARID1A	GNAS	1	0.021	46.54	0.02126	0.04239	True
CTNNB1	ARID1A	B2M	1	0.008	130.3	0.007644	0.0214	True
CTNNB1	ARID1A	CASP8	1	0.014	72.4	0.01372	0.03175	True
CTNNB1	ARID1A	ELF3	1	0.005	217.2	0.004593	0.0148	True
CTNNB1	AMER1	ACVR2A	1	0.019	53	0.01869	0.039	True
CTNNB1	AMER1	GNAS	1	0.024	41.64	0.02373	0.04555	True
CTNNB1	AMER1	ELF3	1	0.005	194.3	0.005132	0.01601	True
CTNNB1	AMER1	AXIN2	1	0.022	44.85	0.02205	0.04346	True
CTNNB1	ATM	ERBB2	1	0.067	14.95	0.06471	0.08934	True
CTNNB1	ATM	GNAS	1	0.049	20.29	0.04809	0.07269	True
CTNNB1	ATM	BMPR1A	1	0.025	40.58	0.02434	0.04624	True
CTNNB1	ATM	ELF3	1	0.011	94.68	0.01051	0.0267	True
CTNNB1	ATM	AXIN2	1	0.046	21.85	0.04474	0.06904	True
CTNNB1	ATM	MAP2K4	1	0.067	14.95	0.06471	0.08934	True
CTNNB1	KMT2C	PTEN	1	0.06	16.71	0.0581	0.0822	True
CTNNB1	KMT2C	GNAS	1	0.049	20.29	0.04809	0.07269	True
CTNNB1	KMT2C	BMPR1A	1	0.025	40.58	0.02434	0.04624	True
CTNNB1	KMT2C	B2M	1	0.018	56.81	0.01745	0.03745	True
CTNNB1	KMT2C	ELF3	1	0.011	94.68	0.01051	0.0267	True
CTNNB1	KMT2C	AXIN2	1	0.046	21.85	0.04474	0.06904	True
CTNNB1	KMT2C	MAP2K4	1	0.067	14.95	0.06471	0.08934	True
CTNNB1	KMT2D	ERBB3	1	0.106	9.47	0.1002	0.126	True
CTNNB1	KMT2D	BMPR1A	1	0.028	35.17	0.02804	0.04997	True
CTNNB1	KMT2D	RNF43	1	0.077	12.96	0.07428	0.09998	True
CTNNB1	KMT2D	ELF3	1	0.012	82.05	0.01211	0.02929	True
CTNNB1	ERBB3	PTEN	1	0.04	25.06	0.03912	0.06334	True
CTNNB1	ERBB3	ACVR2A	1	0.026	38.73	0.02549	0.04748	True
CTNNB1	ERBB3	POLE	1	0.07	14.2	0.06799	0.09299	True
CTNNB1	ERBB3	MSH6	1	0.045	22.42	0.04362	0.06785	True
CTNNB1	ERBB3	PCBP1	1	0.059	17.04	0.05699	0.08106	True
CTNNB1	ERBB3	MAP2K4	1	0.045	22.42	0.04362	0.06785	True
CTNNB1	PTEN	ACVR2A	1	0.017	59.24	0.01674	0.0363	True
CTNNB1	PTEN	GNAS	1	0.021	46.54	0.02126	0.04239	True
CTNNB1	PTEN	ELF3	1	0.005	217.2	0.004593	0.0148	True
CTNNB1	PTEN	PCBP1	1	0.038	26.06	0.03764	0.06163	True
CTNNB1	PTEN	MAP2K4	1	0.029	34.3	0.02874	0.05085	True
CTNNB1	ACVR2A	BMPR1A	1	0.007	143.9	0.006927	0.01993	True
CTNNB1	ACVR2A	CASP8	1	0.009	111.9	0.008897	0.02384	True
CTNNB1	ACVR2A	PCBP1	1	0.025	40.28	0.02452	0.04651	True
CTNNB1	ACVR2A	AXIN2	1	0.013	77.46	0.01283	0.03048	True
CTNNB1	GNAS	RNF43	1	0.024	41.64	0.02373	0.04555	True
CTNNB1	GNAS	B2M	1	0.006	158.2	0.006299	0.01881	True
CTNNB1	GNAS	MSH6	1	0.024	41.64	0.02373	0.04555	True
CTNNB1	GNAS	CASP8	1	0.011	87.92	0.01131	0.02787	True
CTNNB1	GNAS	ELF3	1	0.004	263.8	0.003784	0.01269	True
CTNNB1	GNAS	PCBP1	1	0.032	31.65	0.0311	0.05386	True
CTNNB1	GNAS	CDC27	1	0.011	87.92	0.01131	0.02787	True
CTNNB1	BMPR1A	POLE	1	0.019	52.75	0.01878	0.03915	True
CTNNB1	BMPR1A	MAP2K4	1	0.012	83.29	0.01193	0.02902	True
CTNNB1	RNF43	B2M	1	0.009	116.6	0.008539	0.02318	True
CTNNB1	RNF43	POLE	1	0.051	19.43	0.05016	0.07476	True
CTNNB1	RNF43	CASP8	1	0.015	64.78	0.01532	0.03426	True
CTNNB1	RNF43	PCBP1	1	0.043	23.32	0.04197	0.06606	True
CTNNB1	B2M	MSH6	1	0.009	116.6	0.008539	0.02318	True
CTNNB1	B2M	PCBP1	1	0.011	88.62	0.01122	0.02775	True
CTNNB1	POLE	ELF3	1	0.008	123.1	0.008092	0.02242	True
CTNNB1	POLE	AXIN2	1	0.035	28.4	0.03459	0.05815	True
CTNNB1	MSH6	ELF3	1	0.005	194.3	0.005132	0.01601	True
CTNNB1	MSH6	PCBP1	1	0.043	23.32	0.04197	0.06606	True
CTNNB1	MSH6	AXIN2	1	0.022	44.85	0.02205	0.04346	True
CTNNB1	MSH6	MAP2K4	1	0.033	30.69	0.03206	0.05497	True
CTNNB1	CASP8	PCBP1	1	0.02	49.23	0.02011	0.0409	True
CTNNB1	CASP8	AXIN2	1	0.011	94.68	0.01051	0.0267	True
CTNNB1	CASP8	CDC27	1	0.007	136.8	0.007286	0.02064	True
CTNNB1	ELF3	CDC27	1	0.002	410.3	0.002434	0.008951	True
CTNNB1	PCBP1	MAP2K4	1	0.043	23.32	0.04197	0.06606	True
BRAF	SOX9	ARID1A	1	0.06	16.56	0.05861	0.08276	False
BRAF	SOX9	AMER1	1	0.068	14.81	0.06527	0.08987	False
BRAF	SOX9	TGFBR2	1	0.039	25.59	0.03833	0.06234	False
BRAF	SOX9	POLE	1	0.107	9.38	0.1011	0.1269	True
BRAF	SOX9	MAP2K4	1	0.068	14.81	0.06527	0.08987	True
BRAF	ARID1A	ERBB2	1	0.057	17.43	0.05576	0.07994	True
BRAF	ARID1A	ERBB3	1	0.079	12.74	0.07551	0.1011	True
BRAF	ARID1A	PTEN	1	0.051	19.48	0.05004	0.07463	True
BRAF	ARID1A	B2M	1	0.015	66.23	0.01499	0.03381	False
BRAF	ARID1A	POLE	1	0.091	11.04	0.08661	0.1122	True
BRAF	ARID1A	MSH6	1	0.057	17.43	0.05576	0.07994	False
BRAF	ARID1A	CASP8	1	0.027	36.79	0.02681	0.04893	False
BRAF	ARID1A	MAP2K4	1	0.057	17.43	0.05576	0.07994	True
BRAF	ARID1A	CDC27	1	0.027	36.79	0.02681	0.04893	True
BRAF	AMER1	ERBB3	1	0.088	11.4	0.08401	0.1096	True
BRAF	AMER1	PTEN	1	0.057	17.43	0.05576	0.07994	True
BRAF	AMER1	ACVR2A	1	0.037	26.94	0.03645	0.06015	True
BRAF	AMER1	BMPR1A	1	0.024	42.33	0.02335	0.04529	False
BRAF	AMER1	TGFBR2	1	0.037	26.94	0.03645	0.06015	False
BRAF	AMER1	RNF43	1	0.064	15.59	0.06211	0.08662	False
BRAF	AMER1	B2M	1	0.017	59.26	0.01673	0.0363	False
BRAF	AMER1	PCBP1	1	0.084	11.85	0.08092	0.1066	True
BRAF	ATM	ERBB2	1	0.132	7.6	0.1233	0.1486	True
BRAF	ATM	ERBB3	1	0.18	5.55	0.1648	0.1911	True
BRAF	ATM	BMPR1A	1	0.048	20.62	0.04734	0.07184	True
BRAF	ATM	TGFBR2	1	0.076	13.12	0.07338	0.09897	True
BRAF	ATM	B2M	1	0.035	28.87	0.03405	0.05746	True
BRAF	ATM	PCBP1	1	0.173	5.77	0.159	0.1848	True
BRAF	KMT2C	ERBB2	1	0.132	7.6	0.1233	0.1486	True
BRAF	KMT2C	ACVR2A	1	0.076	13.12	0.07338	0.09897	True
BRAF	KMT2C	TGFBR2	1	0.076	13.12	0.07338	0.09897	False
BRAF	KMT2C	B2M	1	0.035	28.87	0.03405	0.05746	False
BRAF	KMT2C	ELF3	1	0.021	48.11	0.02057	0.04157	False
BRAF	KMT2C	PCBP1	1	0.173	5.77	0.159	0.1848	True
BRAF	KMT2D	ERBB2	1	0.152	6.58	0.1409	0.1665	True
BRAF	KMT2D	ERBB3	1	0.208	4.81	0.1877	0.2134	True
BRAF	KMT2D	GNAS	1	0.112	8.94	0.1059	0.1314	False
BRAF	KMT2D	BMPR1A	1	0.056	17.87	0.05442	0.07895	False
BRAF	KMT2D	TGFBR2	1	0.088	11.37	0.08418	0.1097	False
BRAF	KMT2D	B2M	1	0.04	25.02	0.03918	0.06338	False
BRAF	KMT2D	ELF3	1	0.024	41.7	0.0237	0.04555	False
BRAF	KMT2D	PCBP1	1	0.2	5	0.1811	0.2071	True
BRAF	KMT2D	AXIN2	1	0.104	9.62	0.0987	0.1248	False
BRAF	KMT2D	CDC27	1	0.072	13.9	0.06942	0.09451	True
BRAF	ERBB2	ERBB3	1	0.088	11.4	0.08401	0.1096	True
BRAF	ERBB2	PTEN	1	0.057	17.43	0.05576	0.07994	True
BRAF	ERBB2	RNF43	1	0.064	15.59	0.06211	0.08662	True
BRAF	ERBB2	POLE	1	0.101	9.88	0.0963	0.1222	True
BRAF	ERBB2	MSH6	1	0.064	15.59	0.06211	0.08662	True
BRAF	ERBB2	PCBP1	1	0.084	11.85	0.08092	0.1066	True
BRAF	ERBB2	AXIN2	1	0.044	22.79	0.04293	0.06714	True
BRAF	ERBB2	CDC27	1	0.03	32.92	0.02992	0.05212	True
BRAF	ERBB3	PTEN	1	0.079	12.74	0.07551	0.1011	True
BRAF	ERBB3	ACVR2A	1	0.051	19.68	0.04954	0.07413	True
BRAF	ERBB3	POLE	1	0.139	7.22	0.1294	0.1542	True
BRAF	ERBB3	PCBP1	1	0.115	8.66	0.109	0.1344	True
BRAF	ERBB3	MAP2K4	1	0.088	11.4	0.08401	0.1096	True
BRAF	PTEN	ACVR2A	1	0.033	30.1	0.03267	0.05565	True
BRAF	PTEN	TGFBR2	1	0.033	30.1	0.03267	0.05565	True
BRAF	PTEN	RNF43	1	0.057	17.43	0.05576	0.07994	True
BRAF	PTEN	AXIN2	1	0.039	25.47	0.0385	0.06253	True
BRAF	PTEN	CDC27	1	0.027	36.79	0.02681	0.04893	True
BRAF	ACVR2A	CASP8	1	0.018	56.86	0.01743	0.03744	True
BRAF	ACVR2A	PCBP1	1	0.049	20.47	0.04768	0.07224	True
BRAF	ACVR2A	AXIN2	1	0.025	39.37	0.02508	0.047	True
BRAF	ACVR2A	MAP2K4	1	0.037	26.94	0.03645	0.06015	True
BRAF	GNAS	RNF43	1	0.047	21.16	0.04615	0.07071	False
BRAF	GNAS	POLE	1	0.075	13.4	0.07189	0.09747	True
BRAF	GNAS	AXIN2	1	0.032	30.93	0.03181	0.0547	False
BRAF	BMPR1A	POLE	1	0.037	26.81	0.03662	0.0604	True
BRAF	BMPR1A	MSH6	1	0.024	42.33	0.02335	0.04529	False
BRAF	BMPR1A	MAP2K4	1	0.024	42.33	0.02335	0.04529	True
BRAF	TGFBR2	MAP2K4	1	0.037	26.94	0.03645	0.06015	True
BRAF	RNF43	POLE	1	0.101	9.88	0.0963	0.1222	True
BRAF	RNF43	CASP8	1	0.03	32.92	0.02992	0.05212	False
BRAF	RNF43	ELF3	1	0.01	98.76	0.01007	0.0262	False
BRAF	RNF43	PCBP1	1	0.084	11.85	0.08092	0.1066	True
BRAF	B2M	POLE	1	0.027	37.53	0.02629	0.04837	True
BRAF	B2M	MSH6	1	0.017	59.26	0.01673	0.0363	False
BRAF	B2M	CASP8	1	0.008	125.1	0.007962	0.0221	False
BRAF	B2M	CDC27	1	0.008	125.1	0.007962	0.0221	True
BRAF	CASP8	AXIN2	1	0.021	48.11	0.02057	0.04157	False
BRAF	CASP8	CDC27	1	0.014	69.5	0.01429	0.03267	True
BRAF	PCBP1	AXIN2	1	0.058	17.32	0.0561	0.08018	True
BRAF	PCBP1	CDC27	1	0.04	25.02	0.03918	0.06338	True
BRAF	AXIN2	MAP2K4	1	0.044	22.79	0.04293	0.06714	True
BRAF	MAP2K4	CDC27	1	0.03	32.92	0.02992	0.05212	True
SOX9	ARID1A	ATM	1	0.039	25.9	0.03788	0.06182	True
SOX9	ARID1A	ACVR2A	1	0.011	91.82	0.01083	0.0272	True
SOX9	ARID1A	TGFBR2	1	0.011	91.82	0.01083	0.0272	False
SOX9	ARID1A	RNF43	1	0.019	53.16	0.01864	0.03891	False
SOX9	ARID1A	POLE	1	0.03	33.67	0.02927	0.0515	True
SOX9	ARID1A	MAP2K4	1	0.019	53.16	0.01864	0.03891	True
SOX9	ARID1A	CDC27	1	0.009	112.2	0.008871	0.02381	True
SOX9	AMER1	ATM	1	0.043	23.17	0.04224	0.06618	True
SOX9	AMER1	ACVR2A	1	0.012	82.15	0.0121	0.02929	True
SOX9	AMER1	TGFBR2	1	0.012	82.15	0.0121	0.02929	False
SOX9	AMER1	RNF43	1	0.021	47.56	0.02081	0.04188	False
SOX9	AMER1	POLE	1	0.033	30.12	0.03265	0.05565	True
SOX9	AMER1	MAP2K4	1	0.021	47.56	0.02081	0.04188	True
SOX9	AMER1	CDC27	1	0.01	100.4	0.00991	0.02593	True
SOX9	ATM	KMT2D	1	0.102	9.78	0.09716	0.1231	True
SOX9	ATM	ACVR2A	1	0.025	40.02	0.02468	0.04665	True
SOX9	ATM	TGFBR2	1	0.025	40.02	0.02468	0.04665	True
SOX9	ATM	POLE	1	0.068	14.68	0.06587	0.09056	True
SOX9	ATM	PCBP1	1	0.057	17.61	0.0552	0.07949	True
SOX9	ATM	AXIN2	1	0.03	33.87	0.0291	0.0513	True
SOX9	ATM	CDC27	1	0.02	48.92	0.02024	0.0411	True
SOX9	KMT2C	GNAS	1	0.032	31.45	0.0313	0.05407	False
SOX9	KMT2D	TGFBR2	1	0.029	34.69	0.02842	0.05053	False
SOX9	ERBB3	TGFBR2	1	0.017	60.03	0.01652	0.03604	True
SOX9	ACVR2A	POLE	1	0.019	52.03	0.01904	0.03944	True
SOX9	ACVR2A	CDC27	1	0.006	173.4	0.005749	0.01757	True
SOX9	TGFBR2	MAP2K4	1	0.012	82.15	0.0121	0.02929	True
SOX9	POLE	CDC27	1	0.016	63.59	0.0156	0.03471	True
ARID1A	AMER1	ERBB2	1	0.018	55.96	0.01771	0.03768	True
ARID1A	AMER1	ERBB3	1	0.024	40.89	0.02416	0.04607	True
ARID1A	AMER1	PTEN	1	0.016	62.54	0.01586	0.03505	True
ARID1A	AMER1	ACVR2A	1	0.01	96.65	0.01029	0.02642	True
ARID1A	AMER1	GNAS	1	0.013	75.94	0.01308	0.03081	False
ARID1A	AMER1	TGFBR2	1	0.01	96.65	0.01029	0.02642	False
ARID1A	AMER1	RNF43	1	0.018	55.96	0.01771	0.03768	False
ARID1A	AMER1	B2M	1	0.005	212.6	0.004692	0.01499	False
ARID1A	AMER1	CASP8	1	0.008	118.1	0.00843	0.02303	False
ARID1A	AMER1	ELF3	1	0.003	354.4	0.002818	0.009984	False
ARID1A	AMER1	MAP2K4	1	0.018	55.96	0.01771	0.03768	True
ARID1A	ATM	ERBB3	1	0.05	19.92	0.04896	0.07369	True
ARID1A	ATM	ACVR2A	1	0.021	47.09	0.02101	0.0421	True
ARID1A	ATM	GNAS	1	0.027	37	0.02667	0.04878	True
ARID1A	ATM	TGFBR2	1	0.021	47.09	0.02101	0.0421	True
ARID1A	ATM	RNF43	1	0.037	27.26	0.03602	0.05968	True
ARID1A	ATM	B2M	1	0.01	103.6	0.009607	0.0253	True
ARID1A	ATM	CASP8	1	0.017	57.55	0.01723	0.03705	True
ARID1A	ATM	ELF3	1	0.006	172.7	0.005775	0.01757	True
ARID1A	ATM	AXIN2	1	0.025	39.84	0.02479	0.04677	True
ARID1A	ATM	MAP2K4	1	0.037	27.26	0.03602	0.05968	True
ARID1A	KMT2C	GNAS	1	0.027	37	0.02667	0.04878	False
ARID1A	KMT2C	TGFBR2	1	0.021	47.09	0.02101	0.0421	False
ARID1A	KMT2C	B2M	1	0.01	103.6	0.009607	0.0253	False
ARID1A	KMT2C	CASP8	1	0.017	57.55	0.01723	0.03705	False
ARID1A	KMT2C	ELF3	1	0.006	172.7	0.005775	0.01757	False
ARID1A	KMT2D	TGFBR2	1	0.025	40.81	0.02421	0.04607	False
ARID1A	KMT2D	RNF43	1	0.042	23.63	0.04144	0.06555	False
ARID1A	KMT2D	B2M	1	0.011	89.78	0.01108	0.02758	False
ARID1A	KMT2D	CASP8	1	0.02	49.88	0.01985	0.04049	False
ARID1A	KMT2D	ELF3	1	0.007	149.6	0.006661	0.0194	False
ARID1A	KMT2D	AXIN2	1	0.029	34.53	0.02855	0.05063	False
ARID1A	KMT2D	MAP2K4	1	0.042	23.63	0.04144	0.06555	True
ARID1A	ERBB2	ERBB3	1	0.024	40.89	0.02416	0.04607	True
ARID1A	ERBB3	PTEN	1	0.022	45.7	0.02164	0.04283	True
ARID1A	ERBB3	GNAS	1	0.018	55.49	0.01786	0.03774	True
ARID1A	ERBB3	AXIN2	1	0.017	59.76	0.01659	0.03614	True
ARID1A	ERBB3	MAP2K4	1	0.024	40.89	0.02416	0.04607	True
ARID1A	ERBB3	CDC27	1	0.012	86.32	0.01152	0.02824	True
ARID1A	PTEN	GNAS	1	0.012	84.87	0.01171	0.02863	True
ARID1A	PTEN	TGFBR2	1	0.009	108	0.009215	0.02446	True
ARID1A	PTEN	RNF43	1	0.016	62.54	0.01586	0.03505	True
ARID1A	PTEN	MSH6	1	0.016	62.54	0.01586	0.03505	True
ARID1A	PTEN	ELF3	1	0.003	396.1	0.002522	0.009133	True
ARID1A	PTEN	AXIN2	1	0.011	91.4	0.01088	0.02725	True
ARID1A	PTEN	MAP2K4	1	0.016	62.54	0.01586	0.03505	True
ARID1A	ACVR2A	POLE	1	0.016	61.21	0.0162	0.03559	True
ARID1A	ACVR2A	CDC27	1	0.005	204	0.004889	0.01547	True
ARID1A	GNAS	MSH6	1	0.013	75.94	0.01308	0.03081	False
ARID1A	GNAS	ELF3	1	0.002	480.9	0.002077	0.007885	False
ARID1A	GNAS	CDC27	1	0.006	160.3	0.006218	0.01868	True
ARID1A	TGFBR2	MAP2K4	1	0.01	96.65	0.01029	0.02642	True
ARID1A	RNF43	POLE	1	0.028	35.44	0.02782	0.04986	True
ARID1A	RNF43	AXIN2	1	0.012	81.78	0.01215	0.02929	False
ARID1A	RNF43	MAP2K4	1	0.018	55.96	0.01771	0.03768	True
ARID1A	RNF43	CDC27	1	0.008	118.1	0.00843	0.02303	True
ARID1A	B2M	POLE	1	0.007	134.7	0.007398	0.02081	True
ARID1A	B2M	MSH6	1	0.005	212.6	0.004692	0.01499	False
ARID1A	B2M	CASP8	1	0.002	448.9	0.002225	0.008307	False
ARID1A	B2M	CDC27	1	0.002	448.9	0.002225	0.008307	True
ARID1A	POLE	CASP8	1	0.013	74.81	0.01328	0.03115	True
ARID1A	POLE	ELF3	1	0.004	224.4	0.004446	0.01447	True
ARID1A	POLE	AXIN2	1	0.019	51.79	0.01912	0.03954	True
ARID1A	POLE	MAP2K4	1	0.028	35.44	0.02782	0.04986	True
ARID1A	MSH6	CASP8	1	0.008	118.1	0.00843	0.02303	False
ARID1A	MSH6	ELF3	1	0.003	354.4	0.002818	0.009984	False
ARID1A	CASP8	CDC27	1	0.004	249.4	0.004002	0.01326	True
ARID1A	ELF3	CDC27	1	0.001	748.1	0.001336	0.005626	True
ARID1A	AXIN2	MAP2K4	1	0.012	81.78	0.01215	0.02929	True
ARID1A	AXIN2	CDC27	1	0.006	172.7	0.005775	0.01757	True
ARID1A	MAP2K4	CDC27	1	0.008	118.1	0.00843	0.02303	True
AMER1	ATM	GNAS	1	0.03	33.1	0.02976	0.05193	True
AMER1	ATM	BMPR1A	1	0.015	66.2	0.01499	0.03381	True
AMER1	ATM	RNF43	1	0.041	24.39	0.04017	0.06427	True
AMER1	ATM	ELF3	1	0.006	154.5	0.006453	0.01894	True
AMER1	ATM	PCBP1	1	0.054	18.54	0.05252	0.0766	True
AMER1	KMT2C	ACVR2A	1	0.024	42.13	0.02346	0.04535	True
AMER1	KMT2C	GNAS	1	0.03	33.1	0.02976	0.05193	False
AMER1	KMT2C	RNF43	1	0.041	24.39	0.04017	0.06427	False
AMER1	KMT2C	B2M	1	0.011	92.68	0.01073	0.02699	False
AMER1	KMT2C	ELF3	1	0.006	154.5	0.006453	0.01894	False
AMER1	KMT2C	PCBP1	1	0.054	18.54	0.05252	0.0766	True
AMER1	KMT2C	MAP2K4	1	0.041	24.39	0.04017	0.06427	True
AMER1	KMT2D	PTEN	1	0.042	23.63	0.04144	0.06555	True
AMER1	KMT2D	GNAS	1	0.035	28.69	0.03426	0.05761	False
AMER1	KMT2D	B2M	1	0.012	80.33	0.01237	0.02957	False
AMER1	KMT2D	CASP8	1	0.022	44.63	0.02216	0.0435	False
AMER1	KMT2D	ELF3	1	0.007	133.9	0.007442	0.02086	False
AMER1	ERBB2	PCBP1	1	0.026	38.05	0.02594	0.0479	True
AMER1	ERBB2	AXIN2	1	0.014	73.17	0.01357	0.03151	True
AMER1	ERBB3	RNF43	1	0.027	36.59	0.02696	0.04893	True
AMER1	ERBB3	POLE	1	0.043	23.17	0.04224	0.06618	True
AMER1	ERBB3	MAP2K4	1	0.027	36.59	0.02696	0.04893	True
AMER1	ERBB3	CDC27	1	0.013	77.24	0.01286	0.0305	True
AMER1	PTEN	GNAS	1	0.013	75.94	0.01308	0.03081	True
AMER1	PTEN	RNF43	1	0.018	55.96	0.01771	0.03768	True
AMER1	PTEN	B2M	1	0.005	212.6	0.004692	0.01499	True
AMER1	PTEN	ELF3	1	0.003	354.4	0.002818	0.009984	True
AMER1	PTEN	PCBP1	1	0.024	42.53	0.02324	0.04517	True
AMER1	PTEN	AXIN2	1	0.012	81.78	0.01215	0.02929	True
AMER1	PTEN	MAP2K4	1	0.018	55.96	0.01771	0.03768	True
AMER1	ACVR2A	MSH6	1	0.012	86.48	0.0115	0.02824	True
AMER1	ACVR2A	CASP8	1	0.005	182.6	0.005463	0.01686	True
AMER1	ACVR2A	AXIN2	1	0.008	126.4	0.007881	0.02198	True
AMER1	ACVR2A	CDC27	1	0.005	182.6	0.005463	0.01686	True
AMER1	GNAS	POLE	1	0.023	43.03	0.02297	0.04481	True
AMER1	GNAS	MSH6	1	0.015	67.95	0.01461	0.03316	False
AMER1	GNAS	ELF3	1	0.002	430.3	0.002321	0.00861	False
AMER1	GNAS	CDC27	1	0.007	143.4	0.006947	0.01993	True
AMER1	BMPR1A	MSH6	1	0.007	135.9	0.007332	0.02069	False
AMER1	BMPR1A	MAP2K4	1	0.007	135.9	0.007332	0.02069	True
AMER1	TGFBR2	MAP2K4	1	0.012	86.48	0.0115	0.02824	True
AMER1	RNF43	MSH6	1	0.02	50.07	0.01978	0.04045	False
AMER1	RNF43	PCBP1	1	0.026	38.05	0.02594	0.0479	True
AMER1	RNF43	AXIN2	1	0.014	73.17	0.01357	0.03151	False
AMER1	B2M	MSH6	1	0.005	190.2	0.005243	0.01632	False
AMER1	B2M	CASP8	1	0.002	401.6	0.002487	0.009018	False
AMER1	POLE	ELF3	1	0.005	200.8	0.004967	0.01568	True
AMER1	POLE	PCBP1	1	0.041	24.1	0.04065	0.06489	True
AMER1	MSH6	ELF3	1	0.003	317.1	0.003149	0.01093	False
AMER1	MSH6	PCBP1	1	0.026	38.05	0.02594	0.0479	True
AMER1	CASP8	AXIN2	1	0.006	154.5	0.006453	0.01894	False
AMER1	CASP8	CDC27	1	0.004	223.1	0.004472	0.01449	True
AMER1	ELF3	CDC27	1	0.001	669.4	0.001493	0.006207	True
AMER1	PCBP1	AXIN2	1	0.018	55.61	0.01782	0.03769	True
AMER1	PCBP1	MAP2K4	1	0.026	38.05	0.02594	0.0479	True
AMER1	PCBP1	CDC27	1	0.012	80.33	0.01237	0.02957	True
AMER1	AXIN2	MAP2K4	1	0.014	73.17	0.01357	0.03151	True
AMER1	AXIN2	CDC27	1	0.006	154.5	0.006453	0.01894	True
ATM	KMT2C	ERBB3	1	0.115	8.68	0.1088	0.1342	True
ATM	KMT2C	GNAS	1	0.062	16.13	0.06013	0.08433	True
ATM	KMT2C	BMPR1A	1	0.031	32.25	0.03053	0.05308	True
ATM	KMT2C	TGFBR2	1	0.049	20.52	0.04755	0.07213	True
ATM	KMT2C	B2M	1	0.022	45.15	0.0219	0.04323	True
ATM	KMT2C	ELF3	1	0.013	75.26	0.0132	0.03099	True
ATM	KMT2C	PCBP1	1	0.111	9.03	0.1048	0.1303	True
ATM	KMT2D	GNAS	1	0.072	13.98	0.06905	0.0941	True
ATM	KMT2D	BMPR1A	1	0.036	27.95	0.03514	0.05893	True
ATM	KMT2D	B2M	1	0.026	39.13	0.02523	0.04712	True
ATM	KMT2D	CASP8	1	0.046	21.74	0.04495	0.06927	True
ATM	KMT2D	ELF3	1	0.015	65.22	0.01522	0.03405	True
ATM	KMT2D	AXIN2	1	0.066	15.05	0.06428	0.08909	True
ATM	ERBB2	RNF43	1	0.041	24.39	0.04017	0.06427	True
ATM	ERBB2	PCBP1	1	0.054	18.54	0.05252	0.0766	True
ATM	ERBB2	AXIN2	1	0.028	35.65	0.02766	0.0497	True
ATM	ERBB2	MAP2K4	1	0.041	24.39	0.04017	0.06427	True
ATM	ERBB2	CDC27	1	0.019	51.49	0.01923	0.03954	True
ATM	ERBB3	PTEN	1	0.05	19.92	0.04896	0.07369	True
ATM	ERBB3	POLE	1	0.089	11.29	0.08478	0.1102	True
ATM	ERBB3	CASP8	1	0.027	37.63	0.02623	0.0483	True
ATM	ERBB3	AXIN2	1	0.038	26.05	0.03766	0.06163	True
ATM	ERBB3	CDC27	1	0.027	37.63	0.02623	0.0483	True
ATM	PTEN	GNAS	1	0.027	37	0.02667	0.04878	True
ATM	PTEN	TGFBR2	1	0.021	47.09	0.02101	0.0421	True
ATM	PTEN	B2M	1	0.01	103.6	0.009607	0.0253	True
ATM	PTEN	ELF3	1	0.006	172.7	0.005775	0.01757	True
ATM	PTEN	PCBP1	1	0.048	20.72	0.04712	0.07155	True
ATM	ACVR2A	BMPR1A	1	0.009	114.3	0.008707	0.0235	True
ATM	ACVR2A	MSH6	1	0.024	42.13	0.02346	0.04535	True
ATM	ACVR2A	CASP8	1	0.011	88.94	0.01118	0.02767	True
ATM	ACVR2A	AXIN2	1	0.016	61.57	0.01611	0.03545	True
ATM	ACVR2A	MAP2K4	1	0.024	42.13	0.02346	0.04535	True
ATM	ACVR2A	CDC27	1	0.011	88.94	0.01118	0.02767	True
ATM	GNAS	POLE	1	0.048	20.96	0.04658	0.0711	True
ATM	GNAS	MSH6	1	0.03	33.1	0.02976	0.05193	True
ATM	GNAS	ELF3	1	0.005	209.6	0.004759	0.01515	True
ATM	GNAS	CDC27	1	0.014	69.88	0.01421	0.03252	True
ATM	BMPR1A	POLE	1	0.024	41.93	0.02357	0.04547	True
ATM	BMPR1A	MSH6	1	0.015	66.2	0.01499	0.03381	True
ATM	RNF43	MSH6	1	0.041	24.39	0.04017	0.06427	True
ATM	RNF43	PCBP1	1	0.054	18.54	0.05252	0.0766	True
ATM	B2M	MSH6	1	0.011	92.68	0.01073	0.02699	True
ATM	B2M	CASP8	1	0.005	195.7	0.005098	0.01595	True
ATM	POLE	ELF3	1	0.01	97.83	0.01017	0.02624	True
ATM	POLE	PCBP1	1	0.085	11.74	0.08165	0.1072	True
ATM	MSH6	ELF3	1	0.006	154.5	0.006453	0.01894	True
ATM	MSH6	PCBP1	1	0.054	18.54	0.05252	0.0766	True
ATM	CASP8	AXIN2	1	0.013	75.26	0.0132	0.03099	True
ATM	CASP8	CDC27	1	0.009	108.7	0.009157	0.02436	True
ATM	ELF3	CDC27	1	0.003	326.1	0.003062	0.01067	True
ATM	PCBP1	AXIN2	1	0.037	27.09	0.03624	0.05995	True
ATM	PCBP1	MAP2K4	1	0.054	18.54	0.05252	0.0766	True
ATM	PCBP1	CDC27	1	0.026	39.13	0.02523	0.04712	True
KMT2C	KMT2D	ERBB3	1	0.133	7.53	0.1244	0.1499	True
KMT2C	KMT2D	ACVR2A	1	0.056	17.79	0.05467	0.07895	True
KMT2C	KMT2D	GNAS	1	0.072	13.98	0.06905	0.0941	False
KMT2C	KMT2D	BMPR1A	1	0.036	27.95	0.03514	0.05893	False
KMT2C	KMT2D	TGFBR2	1	0.056	17.79	0.05467	0.07895	False
KMT2C	KMT2D	B2M	1	0.026	39.13	0.02523	0.04712	False
KMT2C	ERBB2	GNAS	1	0.03	33.1	0.02976	0.05193	True
KMT2C	ERBB2	RNF43	1	0.041	24.39	0.04017	0.06427	True
KMT2C	ERBB2	PCBP1	1	0.054	18.54	0.05252	0.0766	True
KMT2C	ERBB2	AXIN2	1	0.028	35.65	0.02766	0.0497	True
KMT2C	ERBB2	MAP2K4	1	0.041	24.39	0.04017	0.06427	True
KMT2C	ERBB2	CDC27	1	0.019	51.49	0.01923	0.03954	True
KMT2C	ERBB3	RNF43	1	0.056	17.82	0.05456	0.07895	True
KMT2C	ERBB3	POLE	1	0.089	11.29	0.08478	0.1102	True
KMT2C	ERBB3	MSH6	1	0.056	17.82	0.05456	0.07895	True
KMT2C	ERBB3	MAP2K4	1	0.056	17.82	0.05456	0.07895	True
KMT2C	PTEN	GNAS	1	0.027	37	0.02667	0.04878	True
KMT2C	PTEN	TGFBR2	1	0.021	47.09	0.02101	0.0421	True
KMT2C	PTEN	RNF43	1	0.037	27.26	0.03602	0.05968	True
KMT2C	PTEN	ELF3	1	0.006	172.7	0.005775	0.01757	True
KMT2C	PTEN	PCBP1	1	0.048	20.72	0.04712	0.07155	True
KMT2C	PTEN	AXIN2	1	0.025	39.84	0.02479	0.04677	True
KMT2C	PTEN	MAP2K4	1	0.037	27.26	0.03602	0.05968	True
KMT2C	ACVR2A	BMPR1A	1	0.009	114.3	0.008707	0.0235	True
KMT2C	ACVR2A	MSH6	1	0.024	42.13	0.02346	0.04535	True
KMT2C	ACVR2A	CASP8	1	0.011	88.94	0.01118	0.02767	True
KMT2C	ACVR2A	AXIN2	1	0.016	61.57	0.01611	0.03545	True
KMT2C	ACVR2A	MAP2K4	1	0.024	42.13	0.02346	0.04535	True
KMT2C	GNAS	POLE	1	0.048	20.96	0.04658	0.0711	True
KMT2C	GNAS	MSH6	1	0.03	33.1	0.02976	0.05193	False
KMT2C	GNAS	ELF3	1	0.005	209.6	0.004759	0.01515	False
KMT2C	GNAS	CDC27	1	0.014	69.88	0.01421	0.03252	True
KMT2C	BMPR1A	POLE	1	0.024	41.93	0.02357	0.04547	True
KMT2C	BMPR1A	MAP2K4	1	0.015	66.2	0.01499	0.03381	True
KMT2C	RNF43	MSH6	1	0.041	24.39	0.04017	0.06427	False
KMT2C	RNF43	ELF3	1	0.006	154.5	0.006453	0.01894	False
KMT2C	RNF43	PCBP1	1	0.054	18.54	0.05252	0.0766	True
KMT2C	RNF43	AXIN2	1	0.028	35.65	0.02766	0.0497	False
KMT2C	RNF43	CDC27	1	0.019	51.49	0.01923	0.03954	True
KMT2C	B2M	POLE	1	0.017	58.7	0.01689	0.03655	True
KMT2C	B2M	MSH6	1	0.011	92.68	0.01073	0.02699	False
KMT2C	B2M	CASP8	1	0.005	195.7	0.005098	0.01595	False
KMT2C	B2M	CDC27	1	0.005	195.7	0.005098	0.01595	True
KMT2C	POLE	ELF3	1	0.01	97.83	0.01017	0.02624	True
KMT2C	POLE	PCBP1	1	0.085	11.74	0.08165	0.1072	True
KMT2C	MSH6	ELF3	1	0.006	154.5	0.006453	0.01894	False
KMT2C	MSH6	PCBP1	1	0.054	18.54	0.05252	0.0766	True
KMT2C	MSH6	MAP2K4	1	0.041	24.39	0.04017	0.06427	True
KMT2C	CASP8	AXIN2	1	0.013	75.26	0.0132	0.03099	False
KMT2C	CASP8	CDC27	1	0.009	108.7	0.009157	0.02436	True
KMT2C	ELF3	CDC27	1	0.003	326.1	0.003062	0.01067	True
KMT2C	PCBP1	AXIN2	1	0.037	27.09	0.03624	0.05995	True
KMT2C	PCBP1	CDC27	1	0.026	39.13	0.02523	0.04712	True
KMT2C	AXIN2	MAP2K4	1	0.028	35.65	0.02766	0.0497	True
KMT2C	AXIN2	CDC27	1	0.013	75.26	0.0132	0.03099	True
KMT2C	MAP2K4	CDC27	1	0.019	51.49	0.01923	0.03954	True
KMT2D	ERBB2	MAP2K4	1	0.047	21.14	0.04621	0.07071	True
KMT2D	ERBB3	MSH6	1	0.065	15.45	0.06268	0.08721	True
KMT2D	ERBB3	PCBP1	1	0.085	11.74	0.08165	0.1072	True
KMT2D	ERBB3	AXIN2	1	0.044	22.58	0.04333	0.06754	True
KMT2D	ERBB3	CDC27	1	0.031	32.61	0.0302	0.05254	True
KMT2D	PTEN	ACVR2A	1	0.025	40.81	0.02421	0.04607	True
KMT2D	PTEN	GNAS	1	0.031	32.06	0.03071	0.0533	True
KMT2D	PTEN	TGFBR2	1	0.025	40.81	0.02421	0.04607	True
KMT2D	PTEN	RNF43	1	0.042	23.63	0.04144	0.06555	True
KMT2D	PTEN	B2M	1	0.011	89.78	0.01108	0.02758	True
KMT2D	PTEN	ELF3	1	0.007	149.6	0.006661	0.0194	True
KMT2D	PTEN	PCBP1	1	0.056	17.96	0.05417	0.07866	True
KMT2D	PTEN	AXIN2	1	0.029	34.53	0.02855	0.05063	True
KMT2D	ACVR2A	GNAS	1	0.02	49.55	0.01998	0.04069	True
KMT2D	ACVR2A	BMPR1A	1	0.01	99.1	0.01004	0.02613	True
KMT2D	ACVR2A	MSH6	1	0.027	36.51	0.02702	0.04893	True
KMT2D	ACVR2A	PCBP1	1	0.036	27.75	0.0354	0.05912	True
KMT2D	GNAS	RNF43	1	0.035	28.69	0.03426	0.05761	False
KMT2D	GNAS	B2M	1	0.009	109	0.009131	0.02436	False
KMT2D	GNAS	MSH6	1	0.035	28.69	0.03426	0.05761	False
KMT2D	GNAS	CASP8	1	0.017	60.56	0.01638	0.0358	False
KMT2D	GNAS	ELF3	1	0.006	181.7	0.005489	0.01692	False
KMT2D	GNAS	PCBP1	1	0.046	21.8	0.04483	0.06911	True
KMT2D	GNAS	AXIN2	1	0.024	41.93	0.02357	0.04547	False
KMT2D	GNAS	CDC27	1	0.017	60.56	0.01638	0.0358	True
KMT2D	BMPR1A	TGFBR2	1	0.01	99.1	0.01004	0.02613	False
KMT2D	BMPR1A	PCBP1	1	0.023	43.61	0.02267	0.04445	True
KMT2D	BMPR1A	AXIN2	1	0.012	83.86	0.01185	0.02887	False
KMT2D	BMPR1A	MAP2K4	1	0.017	57.38	0.01728	0.03713	True
KMT2D	TGFBR2	POLE	1	0.043	23.12	0.04232	0.06626	True
KMT2D	TGFBR2	PCBP1	1	0.036	27.75	0.0354	0.05912	True
KMT2D	TGFBR2	AXIN2	1	0.019	53.36	0.01856	0.03882	False
KMT2D	RNF43	B2M	1	0.012	80.33	0.01237	0.02957	False
KMT2D	RNF43	MSH6	1	0.047	21.14	0.04621	0.07071	False
KMT2D	RNF43	ELF3	1	0.007	133.9	0.007442	0.02086	False
KMT2D	RNF43	PCBP1	1	0.062	16.07	0.06035	0.08448	True
KMT2D	RNF43	AXIN2	1	0.032	30.89	0.03185	0.0547	False
KMT2D	RNF43	CDC27	1	0.022	44.63	0.02216	0.0435	True
KMT2D	B2M	MSH6	1	0.012	80.33	0.01237	0.02957	False
KMT2D	B2M	PCBP1	1	0.016	61.05	0.01625	0.03565	True
KMT2D	B2M	CDC27	1	0.006	169.6	0.00588	0.01787	True
KMT2D	POLE	ELF3	1	0.012	84.79	0.01172	0.02863	True
KMT2D	MSH6	ELF3	1	0.007	133.9	0.007442	0.02086	False
KMT2D	MSH6	PCBP1	1	0.062	16.07	0.06035	0.08448	True
KMT2D	MSH6	MAP2K4	1	0.047	21.14	0.04621	0.07071	True
KMT2D	CASP8	PCBP1	1	0.029	33.92	0.02905	0.05129	True
KMT2D	CASP8	CDC27	1	0.011	94.21	0.01056	0.02679	True
KMT2D	ELF3	CDC27	1	0.004	282.6	0.003532	0.01205	True
KMT2D	PCBP1	AXIN2	1	0.043	23.48	0.0417	0.06576	True
KMT2D	PCBP1	MAP2K4	1	0.062	16.07	0.06035	0.08448	True
KMT2D	AXIN2	MAP2K4	1	0.032	30.89	0.03185	0.0547	True
KMT2D	AXIN2	CDC27	1	0.015	65.22	0.01522	0.03405	True
KMT2D	MAP2K4	CDC27	1	0.022	44.63	0.02216	0.0435	True
ERBB2	ERBB3	RNF43	1	0.027	36.59	0.02696	0.04893	True
ERBB2	ERBB3	POLE	1	0.043	23.17	0.04224	0.06618	True
ERBB2	ERBB3	MAP2K4	1	0.027	36.59	0.02696	0.04893	True
ERBB2	ERBB3	CDC27	1	0.013	77.24	0.01286	0.0305	True
ERBB2	PTEN	RNF43	1	0.018	55.96	0.01771	0.03768	True
ERBB2	PTEN	PCBP1	1	0.024	42.53	0.02324	0.04517	True
ERBB2	PTEN	AXIN2	1	0.012	81.78	0.01215	0.02929	True
ERBB2	PTEN	MAP2K4	1	0.018	55.96	0.01771	0.03768	True
ERBB2	PTEN	CDC27	1	0.008	118.1	0.00843	0.02303	True
ERBB2	RNF43	MSH6	1	0.02	50.07	0.01978	0.04045	True
ERBB2	RNF43	PCBP1	1	0.026	38.05	0.02594	0.0479	True
ERBB2	RNF43	AXIN2	1	0.014	73.17	0.01357	0.03151	True
ERBB2	POLE	PCBP1	1	0.041	24.1	0.04065	0.06489	True
ERBB2	POLE	AXIN2	1	0.022	46.34	0.02135	0.04239	True
ERBB2	MSH6	PCBP1	1	0.026	38.05	0.02594	0.0479	True
ERBB2	MSH6	AXIN2	1	0.014	73.17	0.01357	0.03151	True
ERBB2	MSH6	MAP2K4	1	0.02	50.07	0.01978	0.04045	True
ERBB2	MSH6	CDC27	1	0.009	105.7	0.009417	0.02489	True
ERBB2	PCBP1	AXIN2	1	0.018	55.61	0.01782	0.03769	True
ERBB2	PCBP1	MAP2K4	1	0.026	38.05	0.02594	0.0479	True
ERBB2	PCBP1	CDC27	1	0.012	80.33	0.01237	0.02957	True
ERBB2	AXIN2	MAP2K4	1	0.014	73.17	0.01357	0.03151	True
ERBB2	AXIN2	CDC27	1	0.006	154.5	0.006453	0.01894	True
ERBB3	PTEN	ACVR2A	1	0.014	70.63	0.01406	0.03228	True
ERBB3	PTEN	RNF43	1	0.024	40.89	0.02416	0.04607	True
ERBB3	PTEN	MSH6	1	0.024	40.89	0.02416	0.04607	True
ERBB3	PTEN	PCBP1	1	0.032	31.08	0.03167	0.05461	True
ERBB3	PTEN	AXIN2	1	0.017	59.76	0.01659	0.03614	True
ERBB3	PTEN	CDC27	1	0.012	86.32	0.01152	0.02824	True
ERBB3	ACVR2A	GNAS	1	0.012	85.76	0.01159	0.02836	True
ERBB3	ACVR2A	POLE	1	0.025	40.02	0.02468	0.04665	True
ERBB3	ACVR2A	MSH6	1	0.016	63.19	0.0157	0.03482	True
ERBB3	ACVR2A	PCBP1	1	0.021	48.03	0.02061	0.0416	True
ERBB3	ACVR2A	MAP2K4	1	0.016	63.19	0.0157	0.03482	True
ERBB3	GNAS	POLE	1	0.032	31.45	0.0313	0.05407	True
ERBB3	RNF43	AXIN2	1	0.019	53.47	0.01853	0.03879	True
ERBB3	POLE	PCBP1	1	0.057	17.61	0.0552	0.07949	True
ERBB3	POLE	AXIN2	1	0.03	33.87	0.0291	0.0513	True
ERBB3	MSH6	CASP8	1	0.013	77.24	0.01286	0.0305	True
ERBB3	MSH6	PCBP1	1	0.036	27.81	0.03533	0.0591	True
ERBB3	MSH6	MAP2K4	1	0.027	36.59	0.02696	0.04893	True
ERBB3	PCBP1	MAP2K4	1	0.036	27.81	0.03533	0.0591	True
ERBB3	AXIN2	MAP2K4	1	0.019	53.47	0.01853	0.03879	True
ERBB3	AXIN2	CDC27	1	0.009	112.9	0.008819	0.02372	True
PTEN	ACVR2A	POLE	1	0.016	61.21	0.0162	0.03559	True
PTEN	ACVR2A	MSH6	1	0.01	96.65	0.01029	0.02642	True
PTEN	ACVR2A	PCBP1	1	0.014	73.45	0.01352	0.03151	True
PTEN	ACVR2A	MAP2K4	1	0.01	96.65	0.01029	0.02642	True
PTEN	GNAS	POLE	1	0.021	48.09	0.02058	0.04157	True
PTEN	GNAS	MSH6	1	0.013	75.94	0.01308	0.03081	True
PTEN	GNAS	ELF3	1	0.002	480.9	0.002077	0.007885	True
PTEN	GNAS	CDC27	1	0.006	160.3	0.006218	0.01868	True
PTEN	RNF43	MSH6	1	0.018	55.96	0.01771	0.03768	True
PTEN	RNF43	PCBP1	1	0.024	42.53	0.02324	0.04517	True
PTEN	B2M	POLE	1	0.007	134.7	0.007398	0.02081	True
PTEN	B2M	CDC27	1	0.002	448.9	0.002225	0.008307	True
PTEN	POLE	ELF3	1	0.004	224.4	0.004446	0.01447	True
PTEN	MSH6	ELF3	1	0.003	354.4	0.002818	0.009984	True
PTEN	MSH6	AXIN2	1	0.012	81.78	0.01215	0.02929	True
PTEN	ELF3	CDC27	1	0.001	748.1	0.001336	0.005626	True
PTEN	PCBP1	AXIN2	1	0.016	62.15	0.01596	0.03521	True
PTEN	PCBP1	CDC27	1	0.011	89.78	0.01108	0.02758	True
ACVR2A	BMPR1A	POLE	1	0.007	148.7	0.006704	0.01944	True
ACVR2A	BMPR1A	MAP2K4	1	0.004	234.7	0.004251	0.01396	True
ACVR2A	POLE	CASP8	1	0.009	115.6	0.008612	0.02331	True
ACVR2A	POLE	PCBP1	1	0.024	41.62	0.02374	0.04555	True
ACVR2A	POLE	AXIN2	1	0.012	80.05	0.01242	0.02962	True
ACVR2A	POLE	CDC27	1	0.009	115.6	0.008612	0.02331	True
ACVR2A	MSH6	CASP8	1	0.005	182.6	0.005463	0.01686	True
ACVR2A	MSH6	PCBP1	1	0.015	65.72	0.0151	0.03393	True
ACVR2A	MSH6	AXIN2	1	0.008	126.4	0.007881	0.02198	True
ACVR2A	MSH6	MAP2K4	1	0.012	86.48	0.0115	0.02824	True
ACVR2A	CASP8	AXIN2	1	0.004	266.8	0.003741	0.01257	True
ACVR2A	PCBP1	MAP2K4	1	0.015	65.72	0.0151	0.03393	True
GNAS	RNF43	B2M	1	0.004	258.2	0.003866	0.0129	False
GNAS	RNF43	POLE	1	0.023	43.03	0.02297	0.04481	True
GNAS	RNF43	CASP8	1	0.007	143.4	0.006947	0.01993	False
GNAS	RNF43	PCBP1	1	0.019	51.64	0.01918	0.03954	True
GNAS	B2M	POLE	1	0.006	163.5	0.006097	0.01841	True
GNAS	B2M	CASP8	1	0.002	545.1	0.001833	0.007211	False
GNAS	B2M	PCBP1	1	0.005	196.2	0.005083	0.01595	True
GNAS	POLE	MSH6	1	0.023	43.03	0.02297	0.04481	True
GNAS	POLE	CASP8	1	0.011	90.85	0.01095	0.02737	True
GNAS	POLE	ELF3	1	0.004	272.5	0.003663	0.01241	True
GNAS	POLE	PCBP1	1	0.031	32.7	0.03011	0.05243	True
GNAS	POLE	CDC27	1	0.011	90.85	0.01095	0.02737	True
GNAS	MSH6	ELF3	1	0.002	430.3	0.002321	0.00861	False
GNAS	MSH6	CDC27	1	0.007	143.4	0.006947	0.01993	True
GNAS	CASP8	PCBP1	1	0.009	109	0.009131	0.02436	True
GNAS	ELF3	CDC27	1	0.001	908.5	0.0011	0.004872	True
BMPR1A	TGFBR2	POLE	1	0.007	148.7	0.006704	0.01944	True
BMPR1A	TGFBR2	PCBP1	1	0.006	178.4	0.00559	0.01722	True
BMPR1A	TGFBR2	AXIN2	1	0.003	343.1	0.002911	0.01028	False
BMPR1A	POLE	PCBP1	1	0.015	65.41	0.01517	0.03405	True
BMPR1A	POLE	AXIN2	1	0.008	125.8	0.007918	0.02206	True
BMPR1A	POLE	MAP2K4	1	0.012	86.06	0.01155	0.0283	True
BMPR1A	MSH6	MAP2K4	1	0.007	135.9	0.007332	0.02069	True
BMPR1A	PCBP1	AXIN2	1	0.007	150.9	0.006603	0.0193	True
TGFBR2	POLE	PCBP1	1	0.024	41.62	0.02374	0.04555	True
TGFBR2	POLE	AXIN2	1	0.012	80.05	0.01242	0.02962	True
TGFBR2	PCBP1	AXIN2	1	0.01	96.05	0.01036	0.02649	True
RNF43	B2M	POLE	1	0.008	120.5	0.008265	0.02281	True
RNF43	B2M	CASP8	1	0.002	401.6	0.002487	0.009018	False
RNF43	B2M	PCBP1	1	0.007	144.6	0.006892	0.01987	True
RNF43	POLE	MSH6	1	0.032	31.71	0.03105	0.05379	True
RNF43	POLE	CASP8	1	0.015	66.94	0.01483	0.0336	True
RNF43	MSH6	CASP8	1	0.009	105.7	0.009417	0.02489	False
RNF43	MSH6	PCBP1	1	0.026	38.05	0.02594	0.0479	True
RNF43	MSH6	AXIN2	1	0.014	73.17	0.01357	0.03151	False
RNF43	MSH6	MAP2K4	1	0.02	50.07	0.01978	0.04045	True
RNF43	MSH6	CDC27	1	0.009	105.7	0.009417	0.02489	True
RNF43	CASP8	PCBP1	1	0.012	80.33	0.01237	0.02957	True
RNF43	PCBP1	AXIN2	1	0.018	55.61	0.01782	0.03769	True
RNF43	PCBP1	MAP2K4	1	0.026	38.05	0.02594	0.0479	True
RNF43	PCBP1	CDC27	1	0.012	80.33	0.01237	0.02957	True
B2M	POLE	MSH6	1	0.008	120.5	0.008265	0.02281	True
B2M	POLE	PCBP1	1	0.011	91.57	0.01086	0.02724	True
B2M	MSH6	CASP8	1	0.002	401.6	0.002487	0.009018	False
B2M	MSH6	CDC27	1	0.002	401.6	0.002487	0.009018	True
B2M	CASP8	PCBP1	1	0.003	305.2	0.003271	0.01129	True
B2M	CASP8	CDC27	1	0.001	847.9	0.001179	0.005127	True
POLE	MSH6	ELF3	1	0.005	200.8	0.004967	0.01568	True
POLE	CASP8	PCBP1	1	0.02	50.87	0.01946	0.03993	True
POLE	CASP8	AXIN2	1	0.01	97.83	0.01017	0.02624	True
POLE	CASP8	CDC27	1	0.007	141.3	0.007051	0.02017	True
POLE	ELF3	CDC27	1	0.002	423.9	0.002356	0.008717	True
POLE	PCBP1	CDC27	1	0.02	50.87	0.01946	0.03993	True
MSH6	CASP8	AXIN2	1	0.006	154.5	0.006453	0.01894	False
MSH6	CASP8	CDC27	1	0.004	223.1	0.004472	0.01449	True
MSH6	ELF3	CDC27	1	0.001	669.4	0.001493	0.006207	True
MSH6	PCBP1	AXIN2	1	0.018	55.61	0.01782	0.03769	True
MSH6	PCBP1	CDC27	1	0.012	80.33	0.01237	0.02957	True
MSH6	AXIN2	MAP2K4	1	0.014	73.17	0.01357	0.03151	True
MSH6	AXIN2	CDC27	1	0.006	154.5	0.006453	0.01894	True
MSH6	MAP2K4	CDC27	1	0.009	105.7	0.009417	0.02489	True
PCBP1	AXIN2	MAP2K4	1	0.018	55.61	0.01782	0.03769	True
PCBP1	AXIN2	CDC27	1	0.009	117.4	0.008482	0.0231	True
PCBP1	MAP2K4	CDC27	1	0.012	80.33	0.01237	0.02957	True
